inferred_collection_event_id,location_id,location_name,event_sequence_at_location,year_start,year_end,find_count,existing_collection_event_count,existing_collection_event_ids,find_ids,occurrence_nos
747,600,"""Chookie Site"", Elderslie Station (AODL 0120)",1,2019,2020,3,1,647,1985;1986;1987,1587404;1587405;1587406
111,82,"""Rock Hole"", Rosebery Downs, Muttaburra",1,1962,1962,1,1,126,1649,1254294
112,82,"""Rock Hole"", Rosebery Downs, Muttaburra",2,1975,1979,4,1,126,582;580;581;579,566779;566777;566778;566776
155,117,"-447 feet, Borehole 2, Cleeve, near Longreach",1,1930,1932,5,1,162,713;714;716;712;715,762755;762756;762758;762754;762757
154,116,"-519 feet, Borehole 2, Cleeve, near Longreach",1,1928,1928,1,1,161,711,762753
770,623,1 km upstream from Six Mile Yard (Nawagaspis type-loc),1,1988,1988,1,1,670,2056,1684294
768,621,"10 km south east of Springvale, near the Narrien Range",1,1992,1992,1,1,668,2054,1679823
233,166,4 miles SW of Eungella Station,1,1951,1951,1,1,211,790,787445
771,624,4.5 km upstream from Six Mile Yard (Wurungaspis type-loc),1,1988,1988,1,1,671,2057,1684295
450,332,Accord,1,2005,2005,1,1,377,1221,1008614
36,31,Agate Creek,1,1959,1963,7,1,76,173;178;177;179;175;176;174,306777;306782;306781;306783;306779;306780;306778
251,178,Alderly station,1,2001,2001,1,1,223,820,841557
116,86,Alni Station,1,2005,2005,1,1,130,586,577764
751,604,"Ann site, Elderslie Station (AODL 0252)",1,2019,2019,1,1,651,2027,1624652
759,612,"AODL 0049, Mick, west of Winton",1,2020,2020,1,1,659,2037,1654707
760,613,"AODL 0079, McKenzie, Elderslie Station",1,2018,2018,1,1,660,2038,1654708
757,610,"AODL 0080, Bob, Belmont Station",1,2022,2022,1,1,657,2034,1654704
761,614,"AODL 0117, Dixie, Elderslie Station",1,2019,2019,1,1,661,2039,1654709
762,615,"AODL 0125, Trixie, Elderslie Station",1,2022,2022,1,1,662,2040,1654710
754,607,"AODL 0128, Devil Dave, Belmont Station",1,2019,2019,1,1,654,2031,1654698
756,609,"AODL 0137, Elderslie Station",1,2018,2018,1,1,656,2033,1654700
758,611,"AODL 0160, Patrice, Lovelle Downs Station",1,2019,2019,1,1,658,2036,1654706
755,608,"AODL 0215, Ian, Elderslie Station",1,2021,2021,1,1,655,2032,1654699
763,616,"AODL 0247, Leo, Belmont Station",1,2018,2018,1,1,663,2041,1654711
212,153,Aramac [Tambo Series],1,1923,1923,1,1,198,763,780202
259,184,"Army Downs, 35 miles north of Richmond",1,1986,1986,1,1,229,834,899914
442,326,Ashgrove Station,1,2005,2005,1,1,371,1211,1006718
72,55,"B220, W of Pyramid, Ukalunda Beds",1,1987,1991,8,1,99,334;333;336;330;331;329;332;335,412344;412343;412346;412340;412341;412339;412342;412345
8,6,"B220F Pyramid homestead, Ukalunda Beds, Ukalunda District, North Queensland",1,1963,1963,1,1,51,70,111635
73,56,"B610F, W of Pyramid, Ukalunda Beds",1,1988,1991,6,1,100,339;337;342;338;340;341,412349;412347;412352;412348;412350;412351
6,4,"B76F Mary Creek, Ukalunda Beds, Ukalunda District, North Queensland",1,1963,1967,13,1,49,53;55;47;49;52;50;51;57;48;54;58;59;56,111618;111620;111612;111614;111617;111615;111616;111622;111613;111619;111623;111624;111621
71,54,"B76F, Mary Creek, Ukalunda Beds",1,1987,1991,16,1,98,313;320;324;317;326;315;321;322;323;325;327;328;319;314;316;318,412323;412330;412334;412327;412336;412325;412331;412332;412333;412335;412337;412338;412329;412324;412326;412328
7,5,"B84F Hidden Valley, Ukalunda Beds, Ukalunda District, North Queensland",1,1963,1967,10,1,50,60;62;63;69;64;68;66;61;65;67,111625;111627;111628;111634;111629;111633;111631;111626;111630;111632
70,53,"B84F, Mary Creek, Ukalunda Beds",1,1988,1991,9,1,97,304;309;311;308;312;305;306;310;307,412314;412319;412321;412318;412322;412315;412316;412320;412317
198,142,Barcaldine [Allaru Fm],1,1976,1976,1,1,187,748,779126
214,155,Beaconsfield [Tambo Series],1,1921,1921,1,1,200,766,780211
215,155,Beaconsfield [Tambo Series],2,1924,1925,2,1,200,765;771,780208;780230
252,179,Belmont Station,1,2003,2003,1,1,224,821,858694
253,179,Belmont Station,2,2010,2010,1,1,224,822,858695
661,525,"Big Stockyard Creek area, south of Greenvale",1,1995,1995,1,1,570,1650,1290657
156,118,Birralee Hill,1,1957,1957,1,1,163,717,774783
692,550,"Blaggard Creek, Spring Park Station",1,2009,2009,1,1,596,1728,1351286
34,30,Blair Athol,1,1969,1970,5,1,78,184;185;186;187;188,306927;306928;306929;306930;306931
35,30,Blair Athol,2,1974,1975,3,1,75,171;172;170,306775;306776;306774
687,548,Bluff Downs,1,1970,1974,20,1,594,1724;2012;2013;2019;2025;2026;1726;2018;2020;2014;2017;2021;2024;2010;2011;2016;2022;2023;1725;2015,1345428;1605093;1605094;1605100;1605106;1605107;1345430;1605099;1605101;1605095;1605098;1605102;1605105;1605091;1605092;1605097;1605103;1605104;1345429;1605096
688,548,Bluff Downs,2,1981,1981,1,1,593,1723,1345421
689,548,Bluff Downs,3,1988,1992,15,1,594,1939;1933;1937;1941;1944;1932;1936;1938;1943;1934;1935;1940;1942;1930;1931,1541260;1541254;1541258;1541262;1541265;1541253;1541257;1541259;1541264;1541255;1541256;1541261;1541263;1541251;1541252
106,79,"Bluff Downs station, Main Quarry",1,1976,1976,1,1,123,1312,1135152
107,79,"Bluff Downs station, Main Quarry",2,1991,1998,6,1,123,1945;1311;1876;1274;574;1287,1542037;1132828;1428083;1081064;504445;1087341
108,79,"Bluff Downs station, Main Quarry",3,2003,2003,1,1,123,799,804389
509,384,"BMR B1569, Collinsville",1,1965,1965,1,1,429,1320,1136383
157,119,"BMR B1570, Parrot Creek, Mulgrave Yards",1,1964,1964,1,1,164,1282,1082640
158,119,"BMR B1570, Parrot Creek, Mulgrave Yards",2,1992,1992,1,1,164,718,774888
159,119,"BMR B1570, Parrot Creek, Mulgrave Yards",3,1997,1997,1,1,164,815,821296
243,172,"BMR B1572, Parrot Creek, Mulgrave Road Crossing",1,1983,1983,1,1,217,800,809784
428,312,"BMR B1633, Collinsville",1,1962,1962,1,1,357,1186,977543
503,379,"BMR B1633a, Collinsville",1,1966,1966,1,1,424,1314,1136377
504,380,"BMR B1633b, Collinsville",1,1966,1966,1,1,425,1315,1136378
160,120,"BMR B1634, Collinsville",1,1977,1977,1,1,165,719,774889
506,382,"BMR B261d, Nebo Synclinorium",1,1960,1960,1,1,427,1317,1136380
507,382,"BMR B261d, Nebo Synclinorium",2,1965,1965,1,1,427,1318,1136381
161,121,"BMR B261e, Nebo Synclinorium",1,1959,1959,1,1,166,1188,977546
162,121,"BMR B261e, Nebo Synclinorium",2,1993,1993,1,1,166,721,774891
163,121,"BMR B261e, Nebo Synclinorium",3,1996,1996,1,1,166,720,774890
164,122,"BMR B270a, Exmoor Homestead",1,1961,1963,3,1,167,1196;1288;1194,977555;1087960;977552
165,122,"BMR B270a, Exmoor Homestead",2,1992,1992,1,1,167,722,774892
493,370,"BMR B594, Collinsville area",1,1965,1965,1,1,415,1298,1087980
166,123,"BMR B628, Collinsville Shelf",1,1996,1996,1,1,168,723,774893
167,123,"BMR B628, Collinsville Shelf",2,2001,2001,1,1,168,816,821297
505,381,"BMR B629, Collinsville",1,1966,1966,1,1,426,1316,1136379
168,124,"BMR B634, Bowen Basin",1,1959,1959,1,1,169,724,774894
169,125,"BMR B635, Collinsville Shelf",1,1992,1992,1,1,170,725,774895
170,126,"BMR B683, Exmoor Homestead",1,1959,1961,3,1,171,726;727;1200,774896;774897;977559
171,127,"BMR B686, Nebo Synclinorium",1,1959,1959,1,1,172,1184,977537
172,127,"BMR B686, Nebo Synclinorium",2,1962,1962,1,1,172,1301,1088007
173,127,"BMR B686, Nebo Synclinorium",3,1967,1967,1,1,172,1321,1136460
174,127,"BMR B686, Nebo Synclinorium",4,1994,1994,2,1,172,728;729,774898;774899
508,383,"BMR B711, Bowen River",1,1964,1964,1,1,428,1319,1136382
175,128,"BMR B712, Nebo Synclinorium",1,1996,1996,1,1,173,730,774900
430,314,"BMR C113, Capella Block",1,1960,1960,1,1,359,1189,977547
433,317,"BMR C1318/1, Clermont area",1,1963,1963,1,1,362,1195,977553
431,315,"BMR C144/3, Capella Block",1,1959,1959,1,1,360,1190,977548
176,129,"BMR CL12/1, Pelecypod Bed, Capella Block",1,1959,1966,5,1,174,1192;1289;1279;1272;817,977550;1087961;1082633;1075249;821298
177,129,"BMR CL12/1, Pelecypod Bed, Capella Block",2,1994,1994,1,1,174,731,774918
178,130,"BMR CL12/2, Clarkei Bed, Capella Block",1,1962,1962,1,1,175,1193,977551
179,130,"BMR CL12/2, Clarkei Bed, Capella Block",2,1993,1995,2,1,175,733;732,774920;774919
180,131,"BMR CL132, Clarkei Bed, Capella Block",1,1994,1994,1,1,176,734,774921
486,363,"BMR CL132B, Clarkei Bed, Capella Block",1,1962,1962,1,1,408,1280,1082637
181,132,"BMR CL14, Capella Block",1,1964,1966,3,1,177,1290;1302;735,1087962;1088012;774922
182,132,"BMR CL14, Capella Block",2,1994,1994,1,1,177,736,774923
183,133,"BMR CL142, Mount Lebanon/Logan Downs Homesteads, Clermont Area",1,1962,1962,1,1,178,737,776105
244,173,"BMR CL21/5, Tay Glen Crossing, Phillips Creek",1,1961,1961,1,1,218,1879,1500681
245,173,"BMR CL21/5, Tay Glen Crossing, Phillips Creek",2,1985,1985,1,1,218,801,813095
184,134,"BMR CL225/1, Clarkei Bed, Capella Block",1,1961,1961,1,1,179,1292,1087965
185,134,"BMR CL225/1, Clarkei Bed, Capella Block",2,1964,1964,1,1,179,1278,1082632
186,134,"BMR CL225/1, Clarkei Bed, Capella Block",3,1996,1996,1,1,179,738,776106
187,135,"BMR CL25/1, Pelecypod Bed, Capella Block",1,1962,1962,1,1,180,1291,1087963
188,135,"BMR CL25/1, Pelecypod Bed, Capella Block",2,1995,1995,1,1,180,739,776107
492,369,"BMR CL30/1, Clermont area",1,1962,1962,1,1,414,1297,1087979
490,367,"BMR CL318/1, Clermont area",1,1962,1962,1,1,412,1294,1087967
487,364,"BMR CL40/2, Clarkei Bed, Capella Block",1,1961,1961,1,1,409,1281,1082638
489,366,"BMR CL42/6, Clermont area",1,1965,1965,1,1,411,1293,1087966
189,136,"BMR CL50/1, Capella Block",1,1994,1994,1,1,181,740,776108
426,311,BMR Collinsville 1,1,1960,1960,2,1,356,1182;1201,977520;977561
427,311,BMR Collinsville 1,2,1964,1964,1,1,356,1283,1082642
491,368,BMR Collinsville 1a,1,1965,1965,1,1,413,1295,1087968
436,320,BMR Collinsville 4a,1,1962,1962,1,1,365,1202,977562
484,361,BMR Collinsville 5,1,1961,1963,2,1,406,1296;1273,1087969;1075250
190,137,"BMR Du519, Myrtle Park Homestead",1,1996,1996,1,1,182,741,776128
432,316,"BMR Em208, Capella Block",1,1959,1959,1,1,361,1191,977549
191,138,"BMR EM209, Clarkei Bed, Capella Block",1,1992,1992,1,1,183,742,778525
192,138,"BMR EM209, Clarkei Bed, Capella Block",2,1996,1996,1,1,183,743,778526
216,156,"BMR M12F, Nebo Synclinorium",1,1993,1995,3,1,201,774;773;775,787412;787411;787413
429,313,"BMR M418, Mackay Area",1,1960,1960,1,1,358,1187,977545
488,365,"BMR M85c, Collinsville",1,1962,1962,1,1,410,1284,1082644
217,157,"BMR MC1065, Blenheim Homestead",1,1977,1977,1,1,202,838,902703
218,157,"BMR MC1065, Blenheim Homestead",2,1996,1996,1,1,202,776,787431
416,304,"BMR MC292, Collinsville Road, Blenheim Creek",1,1986,1986,1,1,349,1157,933822
250,177,"BMR MC293, Blenheim",1,1966,1966,1,1,222,818,821300
219,158,"BMR MC311, Lenton Downs Homestead",1,1995,1995,1,1,203,777,787432
220,159,"BMR MC414, Nebo Synclinorium",1,1992,1992,1,1,204,778,787433
221,159,"BMR MC414, Nebo Synclinorium",2,1996,1996,1,1,204,779,787434
222,160,"BMR MC420, Bowen River",1,1963,1964,2,1,205,803;1299,814512;1088001
223,160,"BMR MC420, Bowen River",2,1993,1993,1,1,205,780,787435
434,318,"BMR MC423a, Blenheim Homestead",1,1960,1960,1,1,363,1197,977556
435,319,"BMR MC423b, Blenheim Homestead",1,1959,1959,1,1,364,1198,977557
224,161,"BMR MC479, Hazelwood Creek",1,1962,1965,5,1,206,1286;1183;1276;1300;1313,1082651;977536;1082622;1088006;1136375
225,161,"BMR MC479, Hazelwood Creek",2,1975,1975,1,1,206,781,787436
226,161,"BMR MC479, Hazelwood Creek",3,1996,1996,1,1,206,782,787437
230,164,"BMR MC485 AF, Hazelwood Creek",1,1992,1992,1,1,209,788,787443
231,164,"BMR MC485 AF, Hazelwood Creek",2,1995,1996,2,1,209,787;786,787442;787441
232,165,"BMR MC485 BF, Hazelwood Creek",1,1995,1995,1,1,210,789,787444
234,167,"BMR MC485 CF, Hazelwood Creek",1,1992,1992,1,1,212,791,787446
229,163,"BMR MC485 Diel, Hazelwood Creek",1,1963,1963,1,1,208,784,787439
227,162,"BMR MC485, Hazelwood Creek",1,1959,1965,5,1,207,783;1185;1277;802;1322,787438;977539;1082624;814511;1136461
228,162,"BMR MC485, Hazelwood Creek",2,1995,1995,1,1,207,785,787440
235,168,"BMR MC553, Homevale-Elphinstone Road",1,1959,1959,1,1,213,792,787447
236,169,"BMR MC657, Blenheim Homestead",1,1966,1966,1,1,214,1323,1136462
237,169,"BMR MC657, Blenheim Homestead",2,1992,1995,4,1,214,793;795;796;794,787448;787450;787451;787449
240,171,"BMR MC803, Blenheim Homestead",1,1959,1959,1,1,216,1199,977558
241,171,"BMR MC803, Blenheim Homestead",2,1983,1986,8,1,216,1159;1160;1162;1163;1164;1165;1158;1161,933824;933825;933827;933828;933829;933830;933823;933826
242,171,"BMR MC803, Blenheim Homestead",3,1994,1994,1,1,216,798,787453
238,170,"BMR MC957, Mount Cona Creek",1,1962,1962,1,1,215,819,821301
239,170,"BMR MC957, Mount Cona Creek",2,1996,1996,1,1,215,797,787452
446,330,Boremba Station,1,2005,2005,1,1,375,1216,1006724
153,115,"Boundary Creek Area, Blysmatophyllum-Iowaphyllum association",1,1990,1993,8,1,160,703;705;707;709;706;708;704;710,751251;751253;751255;751257;751254;751256;751252;751258
39,34,Bowen Basin L1730,1,1989,1990,3,1,79,190;191;189,368045;368046;368044
11,9,Bowen Basin L2689,1,1987,1987,1,1,54,79,200739
16,14,Bowen Basin L3782,1,1986,1990,8,1,59,109;110;116;111;112;113;115;114,200872;200873;200879;200874;200875;200876;200878;200877
21,18,Bowen Basin L5242,1,1987,1987,1,1,64,131,200914
20,17,Bowen Basin L5244,1,1987,1987,1,1,62,125,200891
13,11,Bowen Basin L5245,1,1987,1990,5,1,56,88;86;89;87;90,200777;200775;200778;200776;200779
17,15,Bowen Basin L5246,1,1986,1986,1,1,60,119,200882
18,15,Bowen Basin L5246,2,1989,1990,4,1,60,118;121;117;120,200881;200884;200880;200883
12,10,Bowen Basin L5247,1,1986,1990,6,1,55,85;80;81;83;82;84,200774;200769;200770;200772;200771;200773
25,22,Bowen Basin L5248,1,1989,1989,1,1,67,134,200924
19,16,Bowen Basin L5249,1,1989,1990,3,1,61,122;123;124,200885;200886;200887
14,12,Bowen Basin L5420,1,1986,1990,8,1,57,96;97;94;98;92;93;95;91,200787;200788;200785;200789;200783;200784;200786;200782
15,13,Bowen Basin L5495,1,1986,1990,10,1,58,101;102;105;100;103;106;104;108;99;107,200864;200865;200868;200863;200866;200869;200867;200871;200862;200870
22,19,Bowen Basin L5533,1,1987,1990,5,1,63,127;128;130;129;126,200910;200911;200913;200912;200909
24,21,Bowen Basin L5535,1,1989,1989,1,1,66,133,200920
23,20,Bowen Basin L5537,1,1986,1986,1,1,65,132,200915
43,36,"Bowen Basin, Curragh Coal Mine",1,1988,1988,1,1,81,195,387128
479,356,Bowen River (Daintree collection),1,1868,1868,1,1,401,1266,1065753
473,351,"Bowen River, at No. 25 traverse station",1,1874,1874,1,1,396,1254,1010216
474,351,"Bowen River, at No. 25 traverse station",2,1878,1878,1,1,396,1259,1010221
472,350,"Bowen River, between traverse stations 25 and 26",1,1996,1996,1,1,395,1253,1010215
485,362,"Bowen River, unit C (UQ coll)",1,1964,1964,1,1,407,1275,1082619
744,597,Br 13B. 214.5 m,1,1995,1997,3,1,644,1981;1980;1982,1581016;1581015;1581017
743,596,Br 13B. 216 m,1,1994,1996,2,1,643,1979;1978,1581014;1581013
445,329,Branch of Flinders River between Flinders and Borree Park Homestead,1,2006,2006,1,1,374,1214,1006721
767,620,Broken River,1,2021,2021,1,1,667,2053,1674555
99,76,"Burdekin River near Big Bend, N of Charters Towers",1,1913,1913,1,1,120,1748,1358023
100,76,"Burdekin River near Big Bend, N of Charters Towers",2,1986,1986,1,1,120,568,413755
753,606,"Cambridge Quarry, Morungle Station",1,2017,2017,1,1,653,2029,1638990
447,331,"Canary Station, Hughenden area",1,1992,1992,1,1,376,1220,1006745
448,331,"Canary Station, Hughenden area",2,1997,1997,1,1,376,1219,1006744
449,331,"Canary Station, Hughenden area",3,2000,2002,3,1,376,1217;1218;1927,1006742;1006743;1528718
494,371,Cardigan,1,2006,2006,1,1,416,1303,1093168
522,396,"CCD 102.2, Chinaman Creek Limestone, Broken River",1,1984,1984,1,1,441,1362,1146493
523,396,"CCD 102.2, Chinaman Creek Limestone, Broken River",2,1987,1987,2,1,441,1355;1365,1146235;1146496
527,400,"CCD 107.3, Chinaman Creek Limestone, Broken River",1,1983,1983,1,1,445,1373,1146504
524,397,"CCD 111.6, Chinaman Creek Limestone, Broken River",1,1984,1985,2,1,442,1366;1356,1146497;1146236
525,398,"CCD 116.0, Chinaman Creek Limestone, Broken River",1,1985,1986,2,1,443,1361;1367,1146241;1146498
513,387,"CCD 121.3, Chinaman Creek Limestone, Broken River",1,1983,1986,6,1,432,1334;1344;1357;1374;1347;1363,1146214;1146224;1146237;1146505;1146227;1146494
519,393,"CCD 127.2, Chinaman Creek Limestone, Broken River",1,1987,1987,1,1,438,1348,1146228
528,401,"CCD 150.5, Chinaman Creek Limestone, Broken River",1,1983,1983,1,1,446,1375,1146506
516,390,"CCD 152.6, Chinaman Creek Limestone, Broken River",1,1984,1986,6,1,435,1364;1349;1358;1376;1340;1345,1146495;1146229;1146238;1146507;1146220;1146225
515,389,"CCD 155.0, Chinaman Creek Limestone, Broken River",1,1983,1987,5,1,434,1346;1338;1341;1377;1359,1146226;1146218;1146221;1146508;1146239
529,402,"CCD 167.5, Chinaman Creek Limestone, Broken River",1,1987,1987,1,1,447,1378,1146540
530,403,"CCD 170.3, Chinaman Creek Limestone, Broken River",1,1984,1985,2,1,448,1379;1380,1146541;1146542
534,407,"CCD 233.5, Chinaman Creek Limestone, Broken River",1,1987,1987,1,1,452,1387,1146549
535,408,"CCD 270.0, Chinaman Creek Limestone, Broken River",1,1987,1987,1,1,453,1389,1146551
536,409,"CCD 348.0, Chinaman Creek Limestone, Broken River",1,1983,1983,1,1,454,1390,1146552
533,406,"CCD 378.0, Chinaman Creek Limestone, Broken River",1,1985,1985,1,1,451,1383,1146545
532,405,"CCD 383.8, Chinaman Creek Limestone, Broken River",1,1985,1986,3,1,450,1384;1382;1391,1146546;1146544;1146553
537,410,"CCD 390.0, Chinaman Creek Limestone, Broken River",1,1983,1983,1,1,455,1392,1146554
531,404,"CCD 400.0, Chinaman Creek Limestone, Broken River",1,1983,1987,13,1,449,1397;1385;1381;1386;1395;1388;1394;1398;1393;1396;1399;1400;1401,1146559;1146547;1146543;1146548;1146557;1146550;1146556;1146560;1146555;1146558;1146561;1146562;1146563
548,419,"CCD 408.3, Chinaman Creek Limestone, Broken River",1,1983,1985,2,1,464,1415;1416,1146581;1146582
541,413,"CCD 420.0, Chinaman Creek Limestone, Broken River",1,1985,1987,3,1,458,1408;1404;1411,1146574;1146570;1146577
546,417,"CCD 425.0, Chinaman Creek Limestone, Broken River",1,1986,1986,1,1,462,1412,1146578
538,411,"CCD 429.0, Chinaman Creek Limestone, Broken River",1,1984,1984,1,1,456,1402,1146568
539,411,"CCD 429.0, Chinaman Creek Limestone, Broken River",2,1987,1987,2,1,456,1409;1413,1146575;1146579
549,420,"CCD 435.0, Chinaman Creek Limestone, Broken River",1,1984,1984,1,1,465,1418,1146584
540,412,"CCD 451.0, Chinaman Creek Limestone, Broken River",1,1983,1983,1,1,457,1403,1146569
514,388,"CCD 53.7, Chinaman Creek Limestone, Broken River",1,1983,1986,3,1,433,1350;1360;1335,1146230;1146240;1146215
542,414,"CCD 553.0, Chinaman Creek Limestone, Broken River",1,1983,1983,1,1,459,1405,1146571
547,418,"CCD 608.3, Chinaman Creek Limestone, Broken River",1,1983,1983,2,1,463,1414;1417,1146580;1146583
543,415,"CCD 620.0, Chinaman Creek Limestone, Broken River",1,1986,1986,1,1,460,1406,1146572
544,416,"CCD 625.0, Chinaman Creek Limestone, Broken River",1,1984,1984,1,1,461,1407,1146573
545,416,"CCD 625.0, Chinaman Creek Limestone, Broken River",2,1987,1987,1,1,461,1410,1146576
517,391,"CCD 64.5, Chinaman Creek Limestone, Broken River",1,1983,1987,3,1,436,1351;1368;1342,1146231;1146499;1146222
526,399,"CCD 68.4, Chinaman Creek Limestone, Broken River",1,1987,1987,1,1,444,1369,1146500
557,427,"CCD 691.0, Chinaman Creek Limestone, Broken River",1,1983,1983,1,1,472,1425,1146591
520,394,"CCD 72.1, Chinaman Creek Limestone, Broken River",1,1983,1985,2,1,439,1370;1352,1146501;1146232
521,395,"CCD 75.0, Chinaman Creek Limestone, Broken River",1,1986,1986,1,1,440,1353,1146233
550,421,"CCD 781.0, Chinaman Creek Limestone, Broken River",1,1984,1984,1,1,466,1419,1146585
551,422,"CCD 782.6, Chinaman Creek Limestone, Broken River",1,1985,1985,2,1,467,1420;1427,1146586;1146593
552,423,"CCD 784.5, Chinaman Creek Limestone, Broken River",1,1986,1987,2,1,468,1428;1421,1146594;1146587
558,428,"CCD 786.0, Chinaman Creek Limestone, Broken River",1,1985,1986,2,1,473,1426;1429,1146592;1146595
553,424,"CCD 790.5, Chinaman Creek Limestone, Broken River",1,1986,1987,2,1,469,1422;1430,1146588;1146596
554,425,"CCD 791.0, Chinaman Creek Limestone, Broken River",1,1983,1983,2,1,470,1423;1431,1146589;1146597
555,425,"CCD 791.0, Chinaman Creek Limestone, Broken River",2,1986,1986,1,1,470,1435,1146601
559,429,"CCD 793.0, Chinaman Creek Limestone, Broken River",1,1987,1987,1,1,474,1432,1146598
556,426,"CCD 801.0, Chinaman Creek Limestone, Broken River",1,1987,1987,1,1,471,1424,1146590
560,430,"CCD 816.8, Chinaman Creek Limestone, Broken River",1,1987,1987,1,1,475,1433,1146599
561,431,"CCD 826.2, Chinaman Creek Limestone, Broken River",1,1983,1983,1,1,476,1434,1146600
518,392,"CCD 83.3, Chinaman Creek Limestone, Broken River",1,1985,1986,2,1,437,1371;1343,1146502;1146223
510,385,"CCD 88.4, Chinaman Creek Limestone, Broken River",1,1983,1984,4,1,430,1354;1372;1332;1336,1146234;1146503;1146178;1146216
511,386,"CCD 90.0, Chinaman Creek Limestone, Broken River",1,1984,1984,2,1,431,1337;1339,1146217;1146219
512,386,"CCD 90.0, Chinaman Creek Limestone, Broken River",2,1987,1987,1,1,431,1333,1146179
499,376,Central Queensand pliosaurid locality,1,2015,2015,1,1,421,1308,1116617
83,65,"Chinaman Creek Lst Lower Fauna, Broken River Province, N Queensland",1,1961,1964,8,1,109,477;479;480;482;475;476;481;478,413631;413633;413634;413636;413629;413630;413635;413632
84,65,"Chinaman Creek Lst Lower Fauna, Broken River Province, N Queensland",2,1987,1991,15,1,109,438;439;441;442;443;465;448;437;444;445;446;447;449;440;450,413592;413593;413595;413596;413597;413619;413602;413591;413598;413599;413600;413601;413603;413594;413604
85,66,"Chinaman Creek Lst Middle Fauna, Broken River Province, N Queensland",1,1962,1965,3,1,110,485;483;484,413639;413637;413638
86,66,"Chinaman Creek Lst Middle Fauna, Broken River Province, N Queensland",2,1987,1991,14,1,110,457;459;452;454;460;462;463;461;451;453;455;456;458;464,413611;413613;413606;413608;413614;413616;413617;413615;413605;413607;413609;413610;413612;413618
87,67,"Chinaman Creek Lst Upper Fauna, Broken River Province, N Queensland",1,1962,1965,4,1,111,487;486;488;489,413641;413640;413642;413643
88,67,"Chinaman Creek Lst Upper Fauna, Broken River Province, N Queensland",2,1987,1991,9,1,111,468;469;467;472;470;474;466;471;473,413622;413623;413621;413626;413624;413628;413620;413625;413627
77,59,"CL172, Douglas Creek siltstones, N Queensland",1,1987,1991,6,1,103,371;372;370;373;374;375,412381;412382;412380;412383;412384;412385
495,372,Colinvale,1,2006,2006,1,1,417,1304,1093169
248,175,"Coral Creek Mouth, Bowen River Coalfield",1,1963,1963,1,1,220,806,818925
463,342,"Coral Creek, below Sonoma road-crossing",1,1874,1878,10,1,387,1258;1262;1237;1257;1243;1238;1239;1255;1256;1236,1010220;1010224;1010199;1010219;1010205;1010200;1010201;1010217;1010218;1010198
404,294,"Corduroy Creek, Collinsville",1,1962,1962,1,1,339,1108,920553
378,271,"CPA 14, Marine Gully - Birralee Road",1,1958,1958,1,1,316,956,919976
254,180,"CPA 20, Bowen River Coalfield",1,1963,1963,1,1,225,823,859126
497,374,"Cratochelone type, Sylvania Station [PROXY]",1,1913,1913,1,1,419,1306,1106419
194,140,Currane Homestead [Allaru Fm],1,1972,1973,2,1,185,750;747,779137;779125
195,140,Currane Homestead [Allaru Fm],2,2000,2000,1,1,185,745,779063
196,140,Currane Homestead [Allaru Fm],3,2006,2006,1,1,185,1928,1528719
44,37,Currane Station,1,1889,1889,1,1,628,1877,1488840
45,37,Currane Station,2,1974,1975,2,1,82,197;196,392236;392235
777,630,"Currane, 10 miles north of Dartmouth",1,1947,1951,5,1,677,2077;2076;2080;2078;2079,2047618;2047617;2047621;2047619;2047620
658,522,"Currane, north of Dartmouth",1,1951,1954,4,1,567,1643;1644;1645;1642,1252264;1252265;1252266;1252263
660,524,Dartmouth Decapods,1,1948,1949,2,1,569,1647;1648,1252921;1252922
407,296,"Derbyia Gully, CPA21, Bowen River Coalfield",1,1961,1961,1,1,341,1111,920562
10,8,Diamantina River,1,1974,1975,2,1,53,78;77,150602;150318
501,378,"Dick's Mother Lode Quarry, Bluff Downs station",1,1990,1990,1,1,423,1310,1127601
502,378,"Dick's Mother Lode Quarry, Bluff Downs station",2,1999,1999,1,1,423,1638,1193686
764,617,"Dig Site Three, NW of Richmond",1,2018,2022,4,1,664,2046;2044;2043;2045,1658038;1658036;1658035;1658037
684,546,Dodgey's Cave,1,2000,2000,1,1,591,1721,1341438
772,625,"Dosey Creek, near Six Mile Yard (Doseyosteus type-loc)",1,1998,1998,1,1,672,2058,1684296
4,3,"Douglas Creek Formation, Clermont District, Queensland, Australia",1,1964,1968,21,1,48,29;36;44;34;37;42;31;35;39;41;43;45;46;27;32;33;38;40;26;28;30,96006;96013;96021;96011;96014;96019;96008;96012;96016;96018;96020;96022;96023;96004;96009;96010;96015;96017;96003;96005
5,3,"Douglas Creek Formation, Clermont District, Queensland, Australia",2,1997,2001,9,1,48,1652;1653;1659;1654;1655;1657;1656;1658;1660,1320339;1320340;1320346;1320341;1320342;1320344;1320343;1320345;1320347
663,527,"Douglas Creek Limestone, LIL-1, 2,5m",1,2001,2001,1,1,572,1661,1320360
669,533,"Douglas Creek Limestone, LIL-1, 22.2 m",1,1998,2000,3,1,578,1677;1680;1686,1320466;1320469;1320475
668,532,"Douglas Creek Limestone, LIL-1, 24,5 m",1,1997,2000,3,1,577,1687;1681;1676,1320476;1320470;1320465
671,535,"Douglas Creek Limestone, LIL-1, 25 m",1,1997,2001,3,1,580,1682;1688;1691,1320471;1320477;1320480
672,536,"Douglas Creek Limestone, LIL-1, 5.7 m",1,1997,1997,1,1,581,1683,1320472
667,531,"Douglas Creek Limestone, LIL-1, 6.7 m",1,1997,1999,3,1,576,1678;1689;1675,1320467;1320478;1320464
670,534,"Douglas Creek Limestone, LIL-1, 7.7 m",1,1998,2000,2,1,579,1679;1684,1320468;1320473
673,537,"Douglas Creek Limestone, LIL-1, 8.9 m",1,1997,1997,1,1,582,1685,1320474
674,537,"Douglas Creek Limestone, LIL-1, 8.9 m",2,2001,2001,1,1,582,1690,1320479
664,528,"Douglas Creek Limestone, LIL-2, 30 m",1,1997,2001,6,1,573,1662;1665;1664;1663;1666;1667,1320366;1320369;1320368;1320367;1320370;1320371
675,538,"Douglas Creek Limestone, LIL-2, 31,7 m",1,2000,2000,4,1,583,1692;1693;1694;1695,1320481;1320482;1320483;1320484
665,529,"Douglas Creek Limestone, PB-061",1,1999,2001,4,1,574,1669;1671;1670;1668,1320373;1320375;1320374;1320372
105,78,Dunluce Station (QM),1,1990,1990,1,1,122,573,474481
262,187,Dunluce Station (upper),1,2004,2005,2,1,232,837;1215,900014;1006723
126,94,Dunraven Station,1,1995,1995,1,1,139,2030,1651916
127,94,Dunraven Station,2,2002,2002,1,1,139,598,591700
420,308,"Dunraven Station, Hughenden area",1,1920,1920,1,1,353,1180,950123
421,308,"Dunraven Station, Hughenden area",2,1977,1977,1,1,353,2061,1684809
422,308,"Dunraven Station, Hughenden area",3,1996,1996,1,1,353,1176,947540
423,308,"Dunraven Station, Hughenden area",4,2003,2003,1,1,353,1265,1049723
260,185,East of Hughenden,1,2006,2006,1,1,230,835,899992
48,40,Elliot Site (QM L1333/AODL 001),1,1998,1998,1,1,137,932,915040
49,40,Elliot Site (QM L1333/AODL 001),2,2007,2012,7,1,137,1327;1324;1329;1325;1328;1330;2042,1145031;1145028;1145033;1145029;1145032;1145034;1654712
50,40,Elliot Site (QM L1333/AODL 001),3,2018,2022,5,1,137,1998;1326;595;1331;2035,1595156;1145030;591690;1145035;1654705
662,526,Emerald locality,1,1976,1976,1,1,571,1651,1309306
26,23,Eromanga Basin L165,1,1992,1992,1,1,68,135,200941
27,24,Eromanga Basin L224,1,1990,1990,1,1,69,136,200942
28,25,Eromanga Basin L406,1,1989,1993,9,1,70,139;140;193;141;137;138;142;143;144,200945;200946;376767;200947;200943;200944;200948;200949;200950
29,26,Eromanga Basin L552,1,1989,1993,7,1,71,150;147;145;146;148;194;149,200956;200953;200951;200952;200954;376768;200955
30,27,Eromanga Basin L717,1,1990,1993,15,1,72,159;160;153;154;162;165;151;152;155;156;157;161;163;164;158,200965;200966;200959;200960;200968;200971;200957;200958;200961;200962;200963;200967;200969;200970;200964
31,28,Eromanga Basin QMF17458,1,1993,1993,1,1,73,166,200974
147,111,"Fanning River area, Dendrostella trigemme association",1,1990,1994,17,1,156,667;683;1138;666;679;685;1134;1137;682;1136;1139;677;684;1135;678;680;681,751185;751222;931093;751184;751218;751224;931089;931092;751221;931091;931094;751216;751223;931090;751217;751219;751220
148,111,"Fanning River area, Dendrostella trigemme association",2,2015,2019,16,1,156,1954;1956;1960;1961;1967;1952;1953;1963;1955;1957;1958;1959;1966;1962;1964;1965,1546843;1546845;1546849;1546850;1546857;1546745;1546746;1546852;1546844;1546846;1546847;1546848;1546856;1546851;1546854;1546855
146,110,"Fanning River area, Grypophyllum-Chostophyllum association",1,1990,1994,26,1,155,641;643;665;640;656;661;662;664;645;646;647;649;653;654;659;648;650;651;652;663;642;644;655;657;658;660,751158;751160;751183;751157;751173;751179;751180;751182;751162;751163;751164;751166;751170;751171;751177;751165;751167;751168;751169;751181
150,113,"Fanning River, Endophyllum-Stringophyllum association",1,1990,1994,9,1,158,674;695;697;698;699;700;673;696;694,751192;751237;751239;751240;751241;751242;751191;751238;751236
149,112,"Fanning River-Burdekin Downs, Aphyllum-Stringophyllum association",1,1990,1994,13,1,157,668;686;688;691;672;692;669;671;689;690;693;670;687,751186;751225;751227;751230;751190;751231;751187;751189;751228;751229;751232;751188;751226
408,297,Flinders River,1,1880,1882,2,1,342,1112;1113,930042;930043
409,298,Flinders River (UQ collection),1,2000,2000,1,1,343,1114,930044
775,628,Flinders River near Maxwelton,1,1897,1897,1,1,675,2065,1704401
766,619,Free Fossil Hunting Site 1,1,2016,2016,1,1,666,2048,1669831
438,322,"Galah Creek, Hughenden",1,2002,2002,1,1,367,1204,989266
69,52,"Gastropods of the Ukalunda Beds and related Douglas Creek Lst, N Queensland",1,1989,1991,4,1,96,302;301;300;303,412312;412311;412310;412313
385,278,Gate 1.5 miles W of Homevale,1,1955,1955,1,1,323,964,920032
682,544,Glendarriwell,1,1998,2000,3,1,589,1708;1707;1709,1320501;1320500;1320502
424,309,"Glendower Station, near Prairie",1,1997,1997,1,1,354,1179,950122
683,545,Greybank Volcanics,1,1997,2001,11,1,590,1711;1713;1719;1710;1712;1720;1715;1716;1714;1717;1718,1320504;1320506;1320512;1320503;1320505;1320513;1320508;1320509;1320507;1320510;1320511
276,195,"GSQ D227, Elphinstone-Homevale Road",1,1966,1968,3,1,240,1234;1235;853,1010178;1010193;911268
277,196,"GSQ D231, Corduroy Creek",1,1992,1992,1,1,241,855,911272
278,196,"GSQ D231, Corduroy Creek",2,1996,1996,1,1,241,854,911271
452,334,"GSQ D232, Pelican Creek",1,1965,1965,1,1,379,1224,1010141
279,197,"GSQ D233, Scottville Mine",1,1965,1965,1,1,242,856,911273
280,198,"GSQ D234, Corduroy Creek",1,1965,1965,1,1,243,857,911274
281,198,"GSQ D234, Corduroy Creek",2,1968,1968,1,1,243,1222,1010139
267,190,"GSQ D235, Mulgrave Yards, Havilah Homestead",1,1966,1966,2,1,235,841;850,904672;909917
268,191,"GSQ D236, Mount Lebanon Road",1,1966,1966,1,1,236,842,904673
282,199,"GSQ D237, Little Cherwell Creek, Mount Lebanon Homestead",1,1968,1969,2,1,244,858;859,911275;911276
283,200,"GSQ D238, Isabella Creek, Woollamba Station",1,1965,1965,1,1,245,861,911278
284,200,"GSQ D238, Isabella Creek, Woollamba Station",2,1995,1995,1,1,245,860,911277
285,201,"GSQ D26, Homevale-Elphinstone Road",1,1962,1962,1,1,246,1271,1073115
286,201,"GSQ D26, Homevale-Elphinstone Road",2,1968,1968,1,1,246,862,911285
287,202,"GSQ D27, Blenheim Homestead",1,1993,1993,1,1,247,863,911286
263,188,"GSQ D28, east bank Bowen River near Exmoor",1,1964,1964,1,1,233,839,904615
288,203,"GSQ D31, Gebbie Creek",1,1965,1965,1,1,248,864,911287
289,203,"GSQ D31, Gebbie Creek",2,1968,1968,1,1,248,865,911288
290,204,"GSQ D76, Crystal Creek, Crystal Plains Homestead",1,1992,1992,1,1,249,866,912108
291,205,"GSQ L1158, Blenheim Homestead",1,1992,1992,1,1,250,867,912168
451,333,"GSQ L1161, Pelican Creek",1,1965,1965,1,1,378,1223,1010140
292,206,"GSQ L1308, Blackwater NS 190 well, 117.6 m",1,1992,1992,1,1,251,868,912172
293,207,"GSQ L1348, Blackwater NS 190 well, 117 m",1,1992,1992,1,1,252,869,912174
294,208,"GSQ L1353, Eaglefield Homestead",1,1992,1994,2,1,253,871;870,912176;912175
295,209,"GSQ L1385, Quarry Hill Shaft",1,1996,1996,1,1,254,872,912184
296,210,"GSQ L1641, Nebo Synclinorium",1,1994,1994,3,1,255,873;874;875,912646;912647;912648
297,211,"GSQ L1642, Black Gate, Wall Homestead",1,1992,1993,2,1,256,876;877,912649;912650
298,212,"GSQ L1657, Emerald Area, Springsure Anticline",1,1995,1995,1,1,257,878,912654
299,213,"GSQ L1713, Gebbie Creek",1,1996,1996,1,1,258,879,912663
300,214,"GSQ L1714, Gebbie Creek",1,1994,1994,1,1,259,880,912664
301,215,"GSQ L1715, Gebbie Creek",1,1992,1992,1,1,260,881,912665
302,216,"GSQ L1716, Gebbie Creek",1,1993,1993,1,1,261,882,912666
303,217,"GSQ L1719, Gebbie Creek",1,1994,1994,1,1,262,883,912667
304,218,"GSQ L1720, Gebbie Creek",1,1995,1995,1,1,263,884,912668
305,219,"GSQ L1726, Gebbie Creek, Bowen River Pumping Station",1,1993,1993,1,1,264,885,912669
306,220,"GSQ L1728, Gebbie Creek, Bowen River Pumping Station",1,1993,1993,1,1,265,886,912670
307,221,"GSQ L1729, Gebbie Creek, Bowen River Pumping Station",1,1992,1992,2,1,266,887;888,912671;912672
308,222,"GSQ L1731, Gebbie Creek, Bowen River Pumping Station",1,1992,1992,1,1,267,890,912674
309,222,"GSQ L1731, Gebbie Creek, Bowen River Pumping Station",2,1996,1996,1,1,267,889,912673
310,223,"GSQ L1732, Gebbie Creek, Bowen River Pumping Station",1,1992,1993,2,1,268,892;891,912676;912675
311,224,"GSQ L1733, Gebbie Creek, Bowen River Pumping Station",1,1992,1992,1,1,269,893,912677
312,225,"GSQ L1734, Gebbie Creek, Bowen River Pumping Station",1,1996,1996,1,1,270,894,912678
313,226,"GSQ L1735, Gebbie Creek, Bowen River Pumping Station",1,1992,1992,1,1,271,895,912679
314,227,"GSQ L1736, Gebbie Creek, Bowen River Pumping Station",1,1992,1992,1,1,272,897,912681
315,227,"GSQ L1736, Gebbie Creek, Bowen River Pumping Station",2,1996,1996,1,1,272,896,912680
316,228,"GSQ L1737, Gebbie Creek, Bowen River Pumping Station",1,1994,1994,1,1,273,898,912682
317,229,"GSQ L1738, Gebbie Creek, Bowen River Pumping Station",1,1993,1995,2,1,274,899;900,912683;912684
318,230,"GSQ L1739, Gebbie Creek, Bowen River Pumping Station",1,1994,1994,1,1,275,901,912685
319,231,"GSQ L1742, Bowen River Pumping Station Road",1,1993,1993,1,1,276,902,912686
320,232,"GSQ L1895, Basin Creek, Pumping Station Road Crossing",1,1995,1995,1,1,277,903,912695
275,194,"GSQ L1981, St. Joseph Phelps Dodge P4/14, 248.5-251.5 m",1,1994,1994,1,1,239,852,910340
321,233,"GSQ L2578, Emerald NS 9R, 410.43-410.49 m",1,1994,1994,1,1,278,904,912994
322,234,"GSQ L2579, Emerald NS 9R, 410.49-410.58 m",1,1993,1993,1,1,279,905,912995
323,235,"GSQ L2580, Emerald NS 9R, 410.58-410.74 m",1,1983,1983,1,1,280,907,912997
324,235,"GSQ L2580, Emerald NS 9R, 410.58-410.74 m",2,1992,1992,1,1,280,906,912996
325,236,"GSQ L2581, Emerald NS 9R, 410.84-410.89 m",1,1996,1996,1,1,281,908,912998
326,237,"GSQ L2582, Emerald NS 9R, 410.89-411.02 m",1,1992,1992,1,1,282,909,912999
327,238,"GSQ L2583, Emerald NS 9R, 411.02-411.12 m",1,1994,1994,1,1,283,910,913000
328,239,"GSQ L2584, Emerald NS 9R, 411.12-411.25 m",1,1992,1992,1,1,284,911,913001
329,240,"GSQ L2585, Emerald NS 9R, 411.25-411.45 m",1,1980,1980,1,1,285,913,913003
330,240,"GSQ L2585, Emerald NS 9R, 411.25-411.45 m",2,1995,1995,1,1,285,912,913002
331,241,"GSQ L2586, Emerald NS 9R, 411.45-411.65 m",1,1992,1992,1,1,286,914,913004
332,242,"GSQ L395, Blenheim Homestead",1,1992,1992,1,1,287,917,913445
333,242,"GSQ L395, Blenheim Homestead",2,1996,1996,2,1,287,915;916,913443;913444
334,243,"GSQ L396, Blenheim Homestead",1,1996,1996,1,1,288,918,913446
335,244,"GSQ L421, Stockton 27",1,1992,1992,1,1,289,919,913447
336,244,"GSQ L421, Stockton 27",2,1995,1995,1,1,289,920,913448
337,245,"GSQ L427, Hazelwood Creek",1,1958,1958,1,1,290,959,919990
338,245,"GSQ L427, Hazelwood Creek",2,1992,1995,3,1,290,921;922;923,913449;913450;913451
460,340,"GSQ L794, No. 3 Camp, Corduroy Creek, off Pelican Creek",1,1965,1965,1,1,385,1233,1010177
461,340,"GSQ L794, No. 3 Camp, Corduroy Creek, off Pelican Creek",2,1968,1968,1,1,385,1230,1010166
339,246,"GSQ L795, No. 3 Camp, Corduroy Creek, off Pelican Creek",1,1960,1961,2,1,291,1103;1105,920515;920527
340,246,"GSQ L795, No. 3 Camp, Corduroy Creek, off Pelican Creek",2,1996,1996,1,1,291,924,913770
470,348,"GSQ L852, Pelican Creek, opposite Palmer's Old Station",1,1992,1993,2,1,393,1251;1249,1010213;1010211
462,341,"GSQ L861, Bowen River",1,1965,1965,1,1,386,1231,1010167
341,247,"GSQ L887, NW Corner of CPA18",1,1966,1966,1,1,292,925,913782
342,248,"GSQ L888, Sonoma - Camp Road Junction",1,1960,1960,1,1,293,1104,920516
343,248,"GSQ L888, Sonoma - Camp Road Junction",2,1965,1965,1,1,293,926,913783
483,360,Gully 20 chains northwest of No. 25 bore,1,1963,1963,1,1,405,1270,1073022
453,335,"Havilah-Byerwin Road, 1 mile south of Rosella Creek crossing",1,1874,1874,1,1,380,1246,1010208
454,335,"Havilah-Byerwin Road, 1 mile south of Rosella Creek crossing",2,1968,1968,1,1,380,1225,1010142
403,293,"Hazelwood Creek, Eungella Station",1,1960,1960,1,1,338,1106,920528
477,354,"Head of Pelican creek, near Mount Diolin",1,1876,1876,1,1,399,1263,1010225
690,549,"Ho-Hum site, Belmont Station (AODL 0082)",1,2011,2011,1,1,595,1727,1346460
691,549,"Ho-Hum site, Belmont Station (AODL 0082)",2,2016,2016,1,1,595,1929,1540661
441,325,"Homevale Station, 25 km NW of Nebo",1,1974,1974,1,1,370,1209,997538
411,300,"Horse Shoe Bend, Lekanophyllum association",1,1990,1990,1,1,345,1120,930956
412,300,"Horse Shoe Bend, Lekanophyllum association",2,1993,1994,5,1,345,1121;1122;2063;1118;1119,930957;930958;1686810;930954;930955
418,306,Horseshoe Bay,1,1999,1999,1,1,351,1174,937670
778,631,Hughenden,1,1948,1948,1,1,678,2081,2047628
659,523,Hughenden Decapods,1,1954,1954,1,1,568,1646,1252277
202,146,"Hughenden Station, Flinders River [Tambo Series]",1,1920,1920,3,1,191,755;760;768,780183;780198;780214
203,146,"Hughenden Station, Flinders River [Tambo Series]",2,1923,1924,3,1,191,753;770;772,780181;780229;780231
200,144,"Hughenden, Flinders River [Roma Series]",1,1922,1922,1,1,189,751,779913
121,91,Iona Station,1,1989,1989,1,1,135,591,591685
122,91,Iona Station,2,1998,1998,1,1,135,592,591686
113,83,"Iona Station, Hughenden",1,1977,1977,1,1,127,583,577471
54,44,"JCUL153, Gray Creek Lst Mbr, Quinton Fmn, Broken River Province, NE Queensland",1,1993,1993,1,1,88,235,407816
55,44,"JCUL153, Gray Creek Lst Mbr, Quinton Fmn, Broken River Province, NE Queensland",2,1997,1997,1,1,88,236,407817
46,38,"JCUL154, Top Hut Lst Mbr, Quinton Fmn, Broken River Province, NE Queensland",1,1993,1997,12,1,83,200;205;206;198;201;199;202;204;207;218;203;208,407781;407786;407787;407779;407782;407780;407783;407785;407788;407799;407784;407789
640,508,"JES 100.0, Jessey Springs Limestone, Broken River",1,1986,1987,2,1,553,1594;1588,1146838;1146832
631,499,"JES 101.0, Jessey Springs Limestone, Broken River",1,1984,1985,4,1,544,1579;1603;1589;1595,1146823;1146847;1146833;1146839
632,500,"JES 101.2, Jessey Springs Limestone, Broken River",1,1986,1987,4,1,545,1604;1580;1598;2049,1146848;1146824;1146842;1670117
633,501,"JES 104.2, Jessey Springs Limestone, Broken River",1,1983,1987,8,1,546,1596;1606;1608;1605;1609;1581;1599;1590,1146840;1146850;1146852;1146849;1146853;1146825;1146843;1146834
643,510,"JES 106.7, Jessey Springs Limestone, Broken River",1,1986,1986,1,1,555,1597,1146841
634,502,"JES 107.0, Jessey Springs Limestone, Broken River",1,1984,1985,2,1,547,1582;1591,1146826;1146835
641,509,"JES 110.5, Jessey Springs Limestone, Broken River",1,1983,1983,1,1,554,1592,1146836
642,509,"JES 110.5, Jessey Springs Limestone, Broken River",2,1987,1987,1,1,554,1610,1146854
635,503,"JES 112.5, Jessey Springs Limestone, Broken River",1,1987,1987,2,1,548,1583;1593,1146827;1146837
636,504,"JES 113.2, Jessey Springs Limestone, Broken River",1,1987,1987,2,1,549,1584;1600,1146828;1146844
637,505,"JES 113.5, Jessey Springs Limestone, Broken River",1,1984,1987,3,1,550,1585;1611;1607,1146829;1146855;1146851
638,506,"JES 113.6, Jessey Springs Limestone, Broken River",1,1984,1986,2,1,551,1586;1601,1146830;1146845
651,516,"JES 117.3, Jessey Springs Limestone, Broken River",1,1984,1987,3,1,561,1621;1616;1627,1146865;1146860;1146871
645,512,"JES 117.5, Jessey Springs Limestone, Broken River",1,1984,1987,6,1,557,1628;1612;1624;1630;1617;1622,1146872;1146856;1146868;1146874;1146861;1146866
646,513,"JES 119.7, Jessey Springs Limestone, Broken River",1,1984,1987,5,1,558,1631;1632;1613;1618;1625,1146875;1146876;1146857;1146862;1146869
613,482,"JES 12.2, Jessey Springs Limestone, Broken River",1,1983,1984,2,1,527,1549;1546,1146793;1146790
647,514,"JES 120.6, Jessey Springs Limestone, Broken River",1,1983,1983,2,1,559,1620;1623,1146864;1146867
648,514,"JES 120.6, Jessey Springs Limestone, Broken River",2,1986,1987,4,1,559,1614;1619;1626;1633,1146858;1146863;1146870;1146877
616,485,"JES 14.3, Jessey Springs Limestone, Broken River",1,1987,1987,1,1,530,1552,1146796
611,480,"JES 2.5, Jessey Springs Limestone, Broken River",1,1987,1987,2,1,525,1544;1555,1146788;1146799
617,486,"JES 20.6, Jessey Springs Limestone, Broken River",1,1987,1987,1,1,531,1553,1146797
615,484,"JES 24.1, Jessey Springs Limestone, Broken River",1,1985,1987,3,1,529,1554;1551;1557,1146798;1146795;1146801
652,517,"JES 274.0A, Jessey Springs Limestone, Broken River",1,1986,1986,1,1,562,1629,1146873
649,515,"JES 274.0D, Jessey Springs Limestone, Broken River",1,1983,1984,2,1,560,1615;1637,1146859;1146881
650,515,"JES 274.0D, Jessey Springs Limestone, Broken River",2,1987,1987,1,1,560,1636,1146880
653,518,"JES 274.0E, Jessey Springs Limestone, Broken River",1,1983,1983,1,1,563,1634,1146878
654,518,"JES 274.0E, Jessey Springs Limestone, Broken River",2,1986,1986,1,1,563,1635,1146879
614,483,"JES 31.6, Jessey Springs Limestone, Broken River",1,1985,1985,3,1,528,1548;1550;1559,1146792;1146794;1146803
622,491,"JES 32.7, Jessey Springs Limestone, Broken River",1,1984,1984,1,1,536,1563,1146807
623,492,"JES 33.0, Jessey Springs Limestone, Broken River",1,1987,1987,1,1,537,1564,1146808
625,494,"JES 34.8, Jessey Springs Limestone, Broken River",1,1987,1987,1,1,539,1570,1146814
627,496,"JES 36.2, Jessey Springs Limestone, Broken River",1,1987,1987,1,1,541,1574,1146818
619,488,"JES 43.2, Jessey Springs Limestone, Broken River",1,1983,1987,3,1,533,1568;1560;1565,1146812;1146804;1146809
620,489,"JES 44.8, Jessey Springs Limestone, Broken River",1,1985,1986,3,1,534,1576;1561;1566,1146820;1146805;1146810
618,487,"JES 5.2, Jessey Springs Limestone, Broken River",1,1984,1984,1,1,532,1556,1146800
621,490,"JES 59.8, Jessey Springs Limestone, Broken River",1,1984,1987,4,1,535,1571;1572;1567;1562,1146815;1146816;1146811;1146806
612,481,"JES 6.6, Jessey Springs Limestone, Broken River",1,1984,1984,1,1,526,1545,1146789
626,495,"JES 64.7, Jessey Springs Limestone, Broken River",1,1983,1983,1,1,540,1573,1146817
624,493,"JES 65.9, Jessey Springs Limestone, Broken River",1,1983,1983,1,1,538,1569,1146813
628,497,"JES 72.4, Jessey Springs Limestone, Broken River",1,1984,1984,1,1,542,1575,1146819
629,497,"JES 72.4, Jessey Springs Limestone, Broken River",2,1987,1987,1,1,542,1577,1146821
610,479,"JES 8.4, Jessey Springs Limestone, Broken River",1,1983,1985,3,1,524,1558;1543;1547,1146802;1146787;1146791
639,507,"JES 85.0, Jessey Springs Limestone, Broken River",1,1987,1987,1,1,552,1587,1146831
644,511,"JES 95.0, Jessey Springs Limestone, Broken River",1,1984,1984,1,1,556,1602,1146846
630,498,"JES 98.2, Jessey Springs Limestone, Broken River",1,1987,1987,1,1,543,1578,1146822
608,477,"Jesseys 42.0, Jessey Springs limestone, Broken River",1,1984,1986,2,1,522,1532;1535,1146776;1146779
601,470,"Jesseys 43.0, Jessey Springs limestone, Broken River",1,1985,1987,3,1,515,1500;1521;1498,1146744;1146765;1146742
602,471,"Jesseys 44.0, Jessey Springs limestone, Broken River",1,1986,1986,1,1,516,1501,1146745
605,474,"Jesseys 48.0, Jessey Springs limestone, Broken River",1,1984,1984,1,1,519,1522,1146766
609,478,"Jesseys 49.0, Jessey Springs limestone, Broken River",1,1987,1987,1,1,523,1533,1146777
600,469,"Jesseys 50.0, Jessey Springs limestone, Broken River",1,1983,1987,5,1,514,1534;1538;1507;1494;1499,1146778;1146782;1146751;1146738;1146743
606,475,"Jesseys 51.0, Jessey Springs limestone, Broken River",1,1985,1985,1,1,520,1523,1146767
604,473,"Jesseys 52.0, Jessey Springs limestone, Broken River",1,1984,1985,2,1,518,1524;1508,1146768;1146752
607,476,"Jesseys 53.0, Jessey Springs limestone, Broken River",1,1985,1986,2,1,521,1525;1536,1146769;1146780
596,465,"Jesseys 54.0, Jessey Springs limestone, Broken River",1,1983,1986,9,1,510,1502;1514;1541;2052;1491;1509;1482;1526;1529,1146746;1146758;1146785;1670120;1146735;1146753;1146726;1146770;1146773
597,466,"Jesseys 54.1, Jessey Springs limestone, Broken River",1,1983,1987,6,1,511,1510;1515;1519;1503;1483;1495,1146754;1146759;1146763;1146747;1146727;1146739
598,467,"Jesseys 54.2, Jessey Springs limestone, Broken River",1,1983,1987,13,1,512,1520;2051;1490;1504;1527;1484;1492;1496;1511;1516;1486;1530;1537,1146764;1670119;1146734;1146748;1146771;1146728;1146736;1146740;1146755;1146760;1146730;1146774;1146781
603,472,"Jesseys 57.0, Jessey Springs limestone, Broken River",1,1986,1987,6,1,517,1505;1512;1517;1540;1542;1539,1146749;1146756;1146761;1146784;1146786;1146783
599,468,"Jesseys 61.0, Jessey Springs limestone, Broken River",1,1983,1987,12,1,513,1488;1513;1485;1487;1493;1518;1528;1489;1497;1506;1531;2050,1146732;1146757;1146729;1146731;1146737;1146762;1146772;1146733;1146741;1146750;1146775;1670118
655,519,"JHY site, Bluff Downs",1,1998,1998,1,1,564,1639,1195323
128,95,Jones Valley Station,1,1999,1999,1,1,140,599,591702
211,152,Kensington [Tambo Series],1,1923,1923,1,1,197,762,780201
413,301,"Kirkland Downs, Australophyllum-Sanidophyllum association",1,1989,1994,11,1,346,1125;1126;1127;1124;1128;1133;1123;1131;1129;1130;1132,930970;930971;930972;930969;930973;930978;930968;930976;930974;930975;930977
142,107,"L798. Paynes Lagoon Station, 200m south of Boundary Creek.",1,1989,1989,1,1,152,634,618092
143,107,"L798. Paynes Lagoon Station, 200m south of Boundary Creek.",2,1994,1995,3,1,152,635;637;636,618093;618095;618094
140,105,"L806. 14 meters. “Little Rocks,” Fletcherview Station, 26 km nw Charters Towers",1,1988,1991,7,1,150,631;630;626;627;628;629;632,617917;617916;617911;617912;617913;617914;617918
141,106,"L885. Small hill directly behind Burdekin Downs Homestead, NW of Charters Towers",1,1987,1987,1,1,151,633,617938
208,150,Landsborough Creek [Tambo Series],1,1921,1921,1,1,195,759,780197
32,29,Lark Quarry dinosaur tracksite (QM),1,1979,1980,2,1,74,169;167,297800;297798
33,29,Lark Quarry dinosaur tracksite (QM),2,2009,2009,1,1,74,168,297799
151,114,"Lime Creek Area, Spongophyllum association",1,1988,1991,5,1,159,701;702;1117;675;1116,751249;751250;930953;751193;930952
152,114,"Lime Creek Area, Spongophyllum association",2,1994,1994,1,1,159,676,751194
201,145,Lind River [Roma Series],1,1922,1922,1,1,190,752,779925
704,559,"Locality L156, Mount Windsor Subprovince, Rollston Range Fm, assemblage C",1,1977,1979,6,1,605,1855;1865;1777;1842;1798;1844,1421844;1421854;1421716;1421831;1421787;1421833
715,570,"Locality L157, Mount Windsor Subprovince, Rollston Range Fm, assemblage C",1,1977,1980,3,1,616,1866;1799;1811,1421855;1421788;1421800
716,571,"Locality L158, Mount Windsor Subprovince, Rollston Range Fm, assemblage C",1,1977,1979,2,1,617,1841;1800,1421830;1421789
725,579,"Locality L159, Mount Windsor Subprovince, Rollston Range Fm, assemblage C",1,1977,1977,1,1,625,1845,1421834
726,579,"Locality L159, Mount Windsor Subprovince, Rollston Range Fm, assemblage C",2,1981,1981,1,1,625,1856,1421845
710,565,"Locality L160, Mount Windsor Subprovince, Rollston Range Fm, assemblage C",1,1978,1978,1,1,611,1787,1421726
717,572,"Locality L161, Mount Windsor Subprovince, Rollston Range Fm, assemblage C",1,1978,1981,5,1,618,1823;1801;1814;1846;1840,1421812;1421790;1421803;1421835;1421829
718,573,"Locality L162, Mount Windsor Subprovince, Rollston Range Fm, assemblage C",1,1977,1981,5,1,619,1857;1802;1812;1813;1839,1421846;1421791;1421801;1421802;1421828
727,580,"Locality L163, Mount Windsor Subprovince, Rollston Range Fm, assemblage C",1,1980,1980,1,1,626,1871,1421860
719,574,"Locality L164, Mount Windsor Subprovince, Rollston Range Fm, assemblage C",1,1977,1981,6,1,620,1815;1847;1803;1827;1858;1824,1421804;1421836;1421792;1421816;1421847;1421813
705,560,"Locality L165, Mount Windsor Subprovince, Rollston Range Fm, assemblage C",1,1978,1981,8,1,606,1816;1838;1825;1826;1848;1867;1778;1804,1421805;1421827;1421814;1421815;1421837;1421856;1421717;1421793
706,561,"Locality L166, Mount Windsor Subprovince, Rollston Range Fm, assemblage C",1,1977,1981,9,1,607,1805;1817;1828;1868;1837;1859;1849;1779;1786,1421794;1421806;1421817;1421857;1421826;1421848;1421838;1421718;1421725
707,562,"Locality L485, Mount Windsor Subprovince, Rollston Range Fm, assemblage C",1,1977,1980,10,1,608,1788;1829;1860;1872;1780;1836;1789;1806;1850;1869,1421727;1421818;1421849;1421861;1421719;1421825;1421728;1421795;1421839;1421858
698,555,"Locality L486, Mount Windsor Subprovince, Assemblage C",1,1977,1981,4,1,601,1769;1818;1768;1861,1421708;1421807;1421707;1421850
699,555,"Locality L486, Mount Windsor Subprovince, Assemblage C",2,1996,1996,1,1,601,1767,1421706
708,563,"Locality L492, Mount Windsor Subprovince, Rollston Range Fm, assemblage C",1,1977,1981,10,1,609,1807;1870;1781;1783;1785;1819;1862;1835;1851;1873,1421796;1421859;1421720;1421722;1421724;1421808;1421851;1421824;1421840;1421862
700,556,"Locality L493, Mount Windsor Subprovince, Rollston Range Fm, assemblage B",1,1977,1977,1,1,602,1794,1421734
701,556,"Locality L493, Mount Windsor Subprovince, Rollston Range Fm, assemblage B",2,1980,1980,1,1,602,1770,1421709
713,568,"Locality L497, Mount Windsor Subprovince, Rollston Range Fm, assemblage B",1,1977,1979,2,1,614,1793;1797,1421733;1421737
712,567,"Locality L498, Mount Windsor Subprovince, Rollston Range Fm, assemblage B",1,1977,1977,1,1,613,1791,1421730
703,558,"Locality L499, Mount Windsor Subprovince, Trooper Creek Fm, assemblage A",1,1978,1981,5,1,604,1772;1776;1775;1773;1774,1421711;1421715;1421714;1421712;1421713
711,566,"Locality L500, Mount Windsor Subprovince, Rollston Range Fm, assemblage B",1,1979,1980,4,1,612,1792;1790;1796;1863,1421732;1421729;1421736;1421852
702,557,"Locality L502, Mount Windsor Subprovince, Rollston Range Fm, assemblage C",1,1977,1980,6,1,603,1808;1820;1830;1852;1874;1771,1421797;1421809;1421819;1421841;1421863;1421710
720,575,"Locality L503, Mount Windsor Subprovince, Rollston Range Fm, assemblage C",1,1977,1977,1,1,621,1809,1421798
721,575,"Locality L503, Mount Windsor Subprovince, Rollston Range Fm, assemblage C",2,1981,1981,1,1,621,1821,1421810
722,576,"Locality L504, Mount Windsor Subprovince, Rollston Range Fm, assemblage C",1,1978,1978,1,1,622,1831,1421820
723,577,"Locality L507, Mount Windsor Subprovince, Rollston Range Fm, assemblage C",1,1977,1981,3,1,623,1864;1853;1834,1421853;1421842;1421823
709,564,"Locality L521, Mount Windsor Subprovince, Rollston Range Fm, assemblage C",1,1978,1981,7,1,610,1810;1832;1782;1784;1833;1822;1854,1421799;1421821;1421721;1421723;1421822;1421811;1421843
724,578,"Locality L524, Mount Windsor Subprovince, Rollston Range Fm, assemblage D",1,1980,1980,1,1,624,1843,1421832
714,569,"Locality L525, Mount Windsor Subprovince, Rollston Range Fm, assemblage B",1,1980,1980,1,1,615,1795,1421735
93,70,"Locality PL1906, Poley Cow Fmn, Broken River Province, N Queensland",1,1988,1992,23,1,114,528;529;550;532;543;548;530;536;538;539;546;534;535;544;549;531;533;537;540;541;542;545;547,413713;413714;413735;413717;413728;413733;413715;413721;413723;413724;413731;413719;413720;413729;413734;413716;413718;413722;413725;413726
81,63,"Locality UQL2715, Shield Creek Fmn, N Queensland",1,1984,1984,1,1,107,419,413425
79,61,"Locality UQL2953, Shield Creek Fmn, N Queensland",1,1984,1988,13,1,105,400;402;403;404;408;409;411;399;405;410;401;406;407,413406;413408;413409;413410;413414;413415;413417;413405;413411;413416;413407;413412;413413
80,62,"Locality UQL2954, Shield Creek Fmn, N Queensland",1,1985,1988,7,1,106,415;416;414;412;413;417;418,413421;413422;413420;413418;413419;413423;413424
82,64,"Locality UQL3574, Shield Creek Fmn, N Queensland",1,1983,1988,19,1,108,551;425;426;429;436;424;428;434;552;421;422;432;433;420;423;431;435;427;430,413738;413431;413432;413435;413442;413430;413434;413440;413739;413427;413428;413438;413439;413426;413429;413437;413441;413433;413436
209,151,Longreach [Tambo Series],1,1920,1920,1,1,196,767,780213
210,151,Longreach [Tambo Series],2,1924,1924,1,1,196,761,780199
118,88,Lovelle Downs Station (2 km east),1,1999,1999,1,1,132,588,577769
117,87,Lovelle Downs Station (3 km east-southeast),1,2002,2002,1,1,131,587,577766
1,1,"Lowes Basin, near old Dalrymple township, 25 miles now of Charters Towers",1,1953,1953,2,1,46,14;16,95556;95558
2,1,"Lowes Basin, near old Dalrymple township, 25 miles now of Charters Towers",2,1956,1957,2,1,46,17;15,95559;95557
568,437,"LW 106.1, Lockup Well limestone, Broken River",1,1984,1985,2,1,482,1445;1441,1146659;1146655
571,440,"LW 121.0, Lockup Well limestone, Broken River",1,1983,1983,1,1,485,1446,1146660
572,441,"LW 121.7, Lockup Well limestone, Broken River",1,1986,1986,2,1,486,1447;1457,1146661;1146671
573,442,"LW 136.0, Lockup Well limestone, Broken River",1,1986,1986,2,1,487,1448;1458,1146662;1146672
579,448,"LW 170.5, Lockup Well limestone, Broken River",1,1985,1985,1,1,493,1459,1146673
569,438,"LW 186.0, Lockup Well limestone, Broken River",1,1987,1987,1,1,483,1442,1146656
574,443,"LW 198.5, Lockup Well limestone, Broken River",1,1983,1983,1,1,488,1449,1146663
562,432,"LW 206.0, Lockup Well limestone, Broken River",1,1987,1987,1,1,477,1436,1146650
575,444,"LW 209.0, Lockup Well limestone, Broken River",1,1984,1984,1,1,489,1450,1146664
563,433,"LW 218.0, Lockup Well limestone, Broken River",1,1984,1984,1,1,478,1437,1146651
576,445,"LW 221.0, Lockup Well limestone, Broken River",1,1987,1987,1,1,490,1451,1146665
577,446,"LW 223.0, Lockup Well limestone, Broken River",1,1984,1987,3,1,491,1460;1452;1461,1146674;1146666;1146675
564,434,"LW 225.0, Lockup Well limestone, Broken River",1,1983,1983,2,1,479,1453;1455,1146667;1146669
565,434,"LW 225.0, Lockup Well limestone, Broken River",2,1986,1986,1,1,479,1438,1146652
580,449,"LW 231.0, Lockup Well limestone, Broken River",1,1987,1987,1,1,494,1462,1146676
578,447,"LW 237.0, Lockup Well limestone, Broken River",1,1984,1984,1,1,492,1454,1146668
587,456,"LW 260.0, Lockup Well limestone, Broken River",1,1984,1986,2,1,501,1470;1477,1146684;1146691
581,450,"LW 270.5, Lockup Well limestone, Broken River",1,1986,1986,1,1,495,1463,1146677
588,457,"LW 275.5, Lockup Well limestone, Broken River",1,1983,1983,2,1,502,1471;1478,1146685;1146692
589,458,"LW 280.0, Lockup Well limestone, Broken River",1,1983,1983,1,1,503,1472,1146686
593,462,"LW 322.0, Lockup Well limestone, Broken River",1,1987,1987,1,1,507,1479,1146693
590,459,"LW 339.7, Lockup Well limestone, Broken River",1,1986,1986,1,1,504,1473,1146687
586,455,"LW 347.3, Lockup Well limestone, Broken River",1,1985,1985,1,1,500,1468,1146682
585,454,"LW 357.0, Lockup Well limestone, Broken River",1,1983,1983,2,1,499,1467;1469,1146681;1146683
582,451,"LW 371.5, Lockup Well limestone, Broken River",1,1983,1983,1,1,496,1464,1146678
594,463,"LW 375.5, Lockup Well limestone, Broken River",1,1983,1983,1,1,508,1480,1146694
583,452,"LW 591.0, Lockup Well limestone, Broken River",1,1984,1984,1,1,497,1465,1146679
591,460,"LW 610.0, Lockup Well limestone, Broken River",1,1987,1987,1,1,505,1474,1146688
584,453,"LW 621.0, Lockup Well limestone, Broken River",1,1985,1987,2,1,498,1466;1475,1146680;1146689
592,461,"LW 646.0, Lockup Well limestone, Broken River",1,1985,1985,1,1,506,1476,1146690
595,464,"LW 688.0, Lockup Well limestone, Broken River",1,1983,1983,1,1,509,1481,1146695
570,439,"LW 69.4, Lockup Well limestone, Broken River",1,1984,1985,2,1,484,1456;1443,1146670;1146657
566,435,"LW 72.4, Lockup Well limestone, Broken River",1,1983,1985,2,1,480,1439;1444,1146653;1146658
567,436,"LW 82.0, Lockup Well limestone, Broken River",1,1984,1984,1,1,481,1440,1146654
443,327,"Lydia Downs Station, Nelia",1,2008,2008,1,1,372,1212,1006719
123,92,"M8M windmill, Bladensburg Station",1,1998,1998,1,1,136,594,591689
124,92,"M8M windmill, Bladensburg Station",2,2001,2001,1,1,136,593,591688
685,547,"Main Quarry, Allingham Formation, BluffDowns Station",1,1976,1976,1,1,592,2062,1684813
686,547,"Main Quarry, Allingham Formation, BluffDowns Station",2,2005,2005,1,1,592,1722,1341569
205,148,Marathon [Tambo Series],1,1920,1920,1,1,193,756,780184
740,593,"Marathon Station, Flinders River",1,1887,1890,8,1,640,1972;1969;1971;1968;1973;1974;1970;1975,1576230;1576227;1576229;1576226;1576231;1576232;1576228;1576233
101,77,"Marathon Station, Flinders River (QM)",1,1991,1994,4,1,121,572;571;570;575,474480;474479;474478;513196
102,77,"Marathon Station, Flinders River (QM)",2,2001,2001,1,1,121,1178,950121
103,77,"Marathon Station, Flinders River (QM)",3,2004,2004,1,1,121,1210,1006717
104,77,"Marathon Station, Flinders River (QM)",4,2010,2010,1,1,121,569,474477
379,272,Marine Gully M137,1,1956,1956,1,1,317,957,919977
89,68,"Martins Well Lst, Broken River Province, N Queensland",1,1963,1964,6,1,112,515;516;513;514;517;518,413669;413670;413667;413668;413671;413672
90,68,"Martins Well Lst, Broken River Province, N Queensland",2,1987,1991,23,1,112,490;496;498;503;506;507;510;511;492;500;508;509;512;494;495;499;505;491;497;501;504;493;502,413644;413650;413652;413657;413660;413661;413664;413665;413646;413654;413662;413663;413666;413648;413649;413653;413659;413645;413651;413655
249,176,"Matilda Site, Elderslie Station (AODL 0085)",1,2003,2007,5,1,221,812;814;810;811;813,819846;819848;819844;819845;819847
381,274,"Minerva Homestead, Springsure",1,1959,1959,1,1,319,960,919991
750,603,"Mitchell site, Elderslie Sheep Station (AODL 270)",1,2016,2020,11,1,650,2007;2000;2002;2003;2001;2008;2009;1999;2004;2005;2006,1602252;1602245;1602247;1602248;1602246;1602253;1602254;1602244;1602249;1602250;1602251
414,302,Mount Podge,1,1989,1993,15,1,347,1150;1153;1141;1144;1145;1148;1152;1142;1147;1151;1154;1146;1140;1143;1149,931113;931116;931104;931107;931108;931111;931115;931105;931110;931114;931117;931109;931103;931106;931112
415,303,"Mount Podge, Laroona Formation",1,1989,1989,2,1,348,1155;1156,931118;931119
37,32,N. Bowen Basin,1,1965,1965,2,1,77,181;182,306872;306873
38,32,N. Bowen Basin,2,1968,1968,2,1,77,180;183,306871;306874
496,373,Ned's Gully,1,2004,2004,1,1,418,1305,1093185
694,552,New Quarry dinosaur tracksite (QM),1,1973,1973,1,1,598,1749,1363163
695,552,New Quarry dinosaur tracksite (QM),2,1976,1976,1,1,598,1750,1363164
728,581,"Notochelone type, Flinder's River region [PROXY]",1,1878,1878,1,1,627,1875,1425976
739,592,"NU L1064. Corner creek and Star River, near Paluma",1,2009,2011,2,1,639,1951;1950,1542644;1542643
748,601,"Oliver site, Elderslie Station (AODL 0122)",1,2016,2018,2,1,648,1989;1988,1593278;1593277
257,182,Orpheus Island,1,1980,1981,5,1,227,828;829;831;832;830,876996;876997;876999;877000;876998
482,359,"Over 18 inch coal seam, Bowen River coalfield",1,1960,1960,1,1,404,1269,1073019
98,75,"Papilio Fmn crinoids, Broken River Group, N Queensland",1,1982,1986,8,1,119,564;566;567;560;561;563;562;565,413751;413753;413754;413747;413748;413750;413749;413752
382,275,"Parish North Britton, Homevale",1,1957,1957,1,1,320,961,920029
471,349,"Parrot Creek, eight miles up",1,1996,1996,1,1,394,1252,1010214
467,346,"Parrot Creek, four and a half miles up",1,1992,1992,1,1,391,1247,1010209
465,344,"Parrot Creek, four and a quarter miles up",1,1874,1875,2,1,389,1241;1242,1010203;1010204
380,273,"Parrot Creek, Musgrave Road crossing",1,1956,1956,1,1,318,958,919979
410,299,Pelican Bore,1,1997,1997,1,1,344,1115,930105
114,84,"Pelican Bore, Stewart Creek",1,2007,2007,1,1,128,584,577478
476,353,"Pelican Creek, above Garrick coal seam",1,1875,1875,1,1,398,1261,1010223
405,295,"Pelican Creek, CPA21, Bowen River Coalfield",1,1954,1954,1,1,340,1208,997089
406,295,"Pelican Creek, CPA21, Bowen River Coalfield",2,1959,1959,2,1,340,1109;1110,920555;920556
468,347,"Pelican Creek, five miles north of Sonoma Station",1,1992,1992,1,1,392,1250,1010212
469,347,"Pelican Creek, five miles north of Sonoma Station",2,1996,1996,1,1,392,1248,1010210
475,352,"Pelican creek, half a mile above Sonoma road-crossing",1,1877,1877,1,1,397,1260,1010222
455,336,"Pelican creek, three-quarters of a mile above Sonoma road-crossing",1,1967,1967,1,1,381,1226,1010143
466,345,"Pelican Creek, two and a half miles above Sonoma road-crossing",1,1875,1875,1,1,390,1244,1010206
769,622,Plain Creek Station,1,2001,2001,1,1,669,2055,1680511
765,618,"Pterosaur site, Belmont Station (AODL 0245)",1,2017,2017,1,1,665,2047,1669830
131,98,"QM L657, Collier Dam, ""Willoughby"" near Barealedine",1,1998,1998,1,1,143,602,607231
130,97,"QM L735, Brutus Creek, ""Currane"", near Longreach",1,1996,1999,8,1,142,2070;2071;2069;2072;601;2073;2074;2075,2044196;2044197;2044195;2044198;606115;2044199;2044200;2044201
133,100,"QM L791, Boree Park near Richmond",1,1977,1977,1,1,145,2060,1684807
134,100,"QM L791, Boree Park near Richmond",2,1997,1997,1,1,145,604,607234
135,100,"QM L791, Boree Park near Richmond",3,2005,2005,1,1,145,1926,1528717
132,99,"QM L905, ""Auteuil"" near Barealdine",1,1999,1999,1,1,144,603,607233
109,80,"QML 1006 - Unnamed tributary of Mary Creek, 200 meters northeast of QML1005",1,1989,1989,1,1,124,576,540043
110,81,QML 1008. Small unnamed creek 1.5 kilometers south of Sugarloaf Dam.,1,1992,1992,2,1,125,577;578,540044;540045
138,103,"QML 1016 - Hill above crossing, south side of river near PharLap prospect",1,2000,2003,8,1,148,617;622;616;618;620;623;619;621,615414;615419;615413;615415;615417;615420;615416;615418
139,104,"QML 1017 -west south west of Storm Dam, 200 meters west of road",1,1994,1994,2,1,149,624;625,617903;617904
137,102,"QML 1018 - Low rise, 1 kilometer south of Storm Dam, 200 meters west of road",1,1991,1993,2,1,147,615;614,615411;615410
61,49,"QML 1019, ridge of silicrete 100 meters north of road 500m East of Storm Dam 190",1,1991,1995,12,1,93,274;278;282;285;275;284;279;273;276;277;281;283,412283;412288;412292;412295;412285;412294;412289;412282;412286;412287;412291;412293
62,49,"QML 1019, ridge of silicrete 100 meters north of road 500m East of Storm Dam 190",2,1999,1999,1,1,93,280,412290
63,50,"QML 1083 - Nuggety Gully, East Gorge along PharLap Rd.",1,1991,1991,1,1,94,287,412297
64,50,"QML 1083 - Nuggety Gully, East Gorge along PharLap Rd.",2,1995,1995,1,1,94,286,412296
136,101,"QML 1090 - Above ‘PharLap’ crossing on Broken River, N side on washed out track",1,1994,1995,3,1,146,611;612;613,615407;615408;615409
65,51,"QML 1092, 500 m northwest of type section creek for Dosey Limestone",1,1991,1994,11,1,95,291;295;296;298;299;288;289;293;290;292;297,412301;412305;412306;412308;412309;412298;412299;412303;412300;412302;412307
66,51,"QML 1092, 500 m northwest of type section creek for Dosey Limestone",2,2000,2000,5,1,95,294;605;607;608;609,412304;615391;615393;615394;615395
67,51,"QML 1092, 500 m northwest of type section creek for Dosey Limestone",3,2003,2003,1,1,95,606,615392
68,51,"QML 1092, 500 m northwest of type section creek for Dosey Limestone",4,2019,2019,1,1,95,610,615396
60,48,"QML 1094, near Little Rocks, 27km NW of Charters Towers",1,1991,1996,24,1,92,249;253;272;250;251;254;255;256;261;270;257;258;259;260;262;263;264;269;252;265;267;268;271;266,407850;407854;407873;407851;407852;407855;407856;407857;407862;407871;407858;407859;407860;407861;407863;407864;407865;407870;407853;407866
776,629,Quarry along Richmond-Woolgar Road,1,2016,2016,3,1,676,2066;2067;2068,2038828;2038829;2038830
91,69,"Quinton Fmn trilobite faunule, Gray Creek, NE Queensland",1,1972,1976,6,1,113,519;520;522;523;527;521,413684;413685;413687;413688;413692;413686
92,69,"Quinton Fmn trilobite faunule, Gray Creek, NE Queensland",2,1989,1991,3,1,113,526;525;524,413691;413690;413689
255,181,Rattlesnake Island,1,1977,1977,1,1,226,826,876994
256,181,Rattlesnake Island,2,1981,1981,3,1,226,824;825;827,876992;876993;876995
437,321,Richmond 'pliosaur' locality,1,2005,2005,1,1,366,1203,986428
733,586,Richmond area (Kronosaurus Korner Museum collection),1,2014,2014,1,1,633,1924,1522264
734,587,Richmond area (NHMUK collection),1,2014,2014,1,1,634,1925,1522265
145,109,Richmond area sauropod site (QM),1,1997,1997,1,1,154,639,633173
384,277,Ridge 1 mile W of Homevale,1,1959,1959,1,1,322,963,920031
199,143,Rodney Downs [Allaru Fm],1,1976,1976,1,1,188,749,779127
129,96,Rosebery Station (Toolebuc),1,2001,2001,1,1,141,600,591733
478,355,"Rosella Creek, two miles above Havilah Paddock",1,2009,2009,1,1,400,1264,1010226
741,594,S0210. SO 43E.,1,1995,1995,1,1,641,1976,1580962
657,521,Saunders Beach,1,2011,2011,1,1,566,1641,1220509
745,598,SD 130. 223 m,1,1998,1998,1,1,645,1983,1581019
746,599,SD 130. 243 m,1,1995,1995,1,1,646,1984,1581020
74,57,"Section HID, Mary Creek, Ukalunda Beds",1,1987,1991,15,1,101,345;350;343;346;349;357;352;344;347;348;353;355;351;354;356,412355;412360;412353;412356;412359;412367;412362;412354;412357;412358;412363;412365;412361;412364;412366
666,530,"Section HID, Mary Creek, Ukalunda Beds, 0m",1,1998,2000,2,1,575,1673;1672,1320378;1320377
676,539,"Section HID, Mary Creek, Ukalunda Beds, 108-111,5m",1,1997,1997,3,1,584,1696;1698;1702,1320486;1320490;1320495
677,539,"Section HID, Mary Creek, Ukalunda Beds, 108-111,5m",2,2001,2001,3,1,584,1697;1700;1706,1320488;1320493;1320499
679,541,"Section HID, Mary Creek, Ukalunda Beds, 111,6m",1,1999,2000,2,1,586,1701;1704,1320494;1320497
681,543,"Section HID, Mary Creek, Ukalunda Beds, 112 m",1,1997,1997,1,1,588,1705,1320498
680,542,"Section HID, Mary Creek, Ukalunda Beds, 118,6 m",1,2001,2001,1,1,587,1703,1320496
678,540,"Section HID, Mary Creek, Ukalunda Beds, 90,5m",1,2000,2000,1,1,585,1699,1320492
735,588,Section RUR. 105.4 meters,1,2002,2002,1,1,635,1946,1542639
736,589,Section RUR. 56.6 meters,1,2004,2004,1,1,636,1947,1542640
737,590,Section RUR. 56.8 meters,1,2004,2004,1,1,637,1948,1542641
738,591,Section RUR. 56.9 meters,1,2002,2002,1,1,638,1949,1542642
75,58,"Section SHID, Mary Creek, Ukalunda Beds",1,1987,1991,12,1,102,362;363;368;358;360;365;369;361;359;364;366;367,412372;412373;412378;412368;412370;412375;412379;412371;412369;412374;412376;412377
76,58,"Section SHID, Mary Creek, Ukalunda Beds",2,1999,1999,1,1,102,1674,1320379
115,85,Selwyn Park Sheep Station,1,2005,2006,2,1,129,585;1878,577756;1489879
125,93,Seymour Quarry tracksite (QM),1,1979,1981,2,1,138,596;597,591694;591695
500,377,"Silver Hills, Hughenden (QM L349)",1,1975,1975,1,1,422,1309,1124832
144,108,"Silver Hills, Richmond (QM)",1,2000,2000,1,1,153,638,633172
656,520,"Site 2, Bluff Downs",1,1996,1996,1,1,565,1640,1195324
749,602,"Snake Creek Tracksite, Karoola",1,2015,2019,8,1,649,1990;1994;1996;1992;1995;1997;1991;1993,1593290;1593295;1593297;1593293;1593296;1593298;1593292;1593294
742,595,SO 216,1,1997,1997,1,1,642,1977,1580981
481,358,Sonoma,1,1903,1903,1,1,403,1268,1068746
730,583,South Walker Creek (SW3),1,2014,2018,13,1,630,1903;1905;1907;1899;1906;1898;1904;1908;1897;1900;1902;1909;1901,1506533;1506535;1506537;1506528;1506536;1506527;1506534;1506538;1506526;1506530;1506532;1506539;1506531
729,582,South Walker Creek (SW9),1,2014,2018,17,1,629,1885;1894;1895;1881;1886;1890;1893;1896;1880;1887;1889;1892;1883;1882;1884;1888;1891,1506514;1506523;1506524;1506509;1506515;1506519;1506522;1506525;1506508;1506516;1506518;1506521;1506512;1506510;1506513;1506517;1506520
732,585,South Walker Creek (SWCC),1,2014,2017,8,1,632,1919;1917;1923;1920;1921;1916;1918;1922,1506549;1506547;1506553;1506550;1506551;1506546;1506548;1506552
731,584,South Walker Creek (SWJ),1,2014,2018,6,1,631,1911;1913;1910;1912;1915;1914,1506541;1506543;1506540;1506542;1506545;1506544
444,328,"Stewart Park, near Flinders River",1,2004,2004,1,1,373,1213,1006720
464,343,"Stonelumpy Creek, Bowen River coalfield",1,1874,1875,2,1,388,1245;1240,1010207;1010202
752,605,Suttor River,1,1984,1984,1,1,652,2028,1628126
246,174,"Telemon lease, Dunluce Station",1,1997,1997,1,1,219,1177,949906
247,174,"Telemon lease, Dunluce Station",2,2004,2005,2,1,219,805;804,818233;818232
197,141,Torrento Park Homestead [Allaru Fm],1,1997,1997,1,1,186,746,779064
206,149,"Tower Hill, Mutabara [Tambo Series]",1,1920,1920,1,1,194,758,780191
207,149,"Tower Hill, Mutabara [Tambo Series]",2,1923,1923,1,1,194,757,780190
419,307,Townsville,1,2000,2000,1,1,352,1175,937671
120,90,"Triangle Paddock, Elderslie Station (QM F7880)",1,2001,2001,1,1,134,590,577771
119,89,"Triangle Paddock, Elderslie Station (QM L313)",1,2004,2007,4,1,133,807;809;808;589,819838;819842;819839;577770
417,305,"UDC1, Lyra Park",1,1983,1987,8,1,350,1167;1169;1173;1166;1168;1170;1171;1172,933832;933834;934010;933831;933833;933835;933836;934009
3,2,"Ukalunda Beds, Mount Coolon, Central Queensland, Australia",1,1984,1987,8,1,47,20;24;25;21;18;19;22;23,95575;95579;95580;95576;95573;95574;95577;95578
383,276,"Upper Cooper Creek, Mt. Robert, Homevale",1,1957,1957,1,1,321,962,920030
94,71,"Upper Martins Well Lst crinoids, Shield Creek Fmn, Martins Wells, N Queensland",1,1982,1984,4,1,115,555;556;553;554,413742;413743;413740;413741
272,193,"UQ L1363, Rosella Creek, Havilah",1,1956,1956,1,1,238,847,904777
273,193,"UQ L1363, Rosella Creek, Havilah",2,1962,1962,1,1,238,1107,920552
274,193,"UQ L1363, Rosella Creek, Havilah",3,1965,1965,1,1,238,1205,995047
480,357,"UQ L1366, Havilah",1,1995,1995,1,1,402,1267,1065754
344,249,"UQ L1367, Parrot Creek",1,1992,1992,1,1,294,927,914780
345,250,"UQ L1368, Mulgrave Cattle Yards",1,1993,1993,1,1,295,928,914781
346,251,"UQ L1377, Pelican Creek",1,1993,1993,1,1,296,930,914783
347,251,"UQ L1377, Pelican Creek",2,1996,1996,1,1,296,929,914782
457,338,"UQ L1379, Gattonvale Homestead",1,1996,1996,1,1,383,1228,1010164
348,252,"UQ L1384, Bull Creek, Nebo",1,1950,1950,1,1,297,931,914784
458,339,"UQ L1399, Gattonvale Homestead",1,1965,1965,1,1,384,1232,1010176
459,339,"UQ L1399, Gattonvale Homestead",2,1969,1969,1,1,384,1229,1010165
456,337,"UQ L2167, Corduroy Creek",1,1965,1965,1,1,382,1227,1010163
425,310,"UQ L3132, Rosella Creek, Havilah Homestead",1,1976,1976,1,1,355,1181,962901
349,253,"UQ L3133, Corduroy Creek",1,1994,1994,1,1,298,933,915358
264,189,"UQ L3134, Parrot Creek, Mulgrave Yards",1,1965,1966,2,1,234,1285;840,1082649;904640
265,189,"UQ L3134, Parrot Creek, Mulgrave Yards",2,1993,1993,1,1,234,849,909916
266,189,"UQ L3134, Parrot Creek, Mulgrave Yards",3,1996,1996,1,1,234,848,909915
269,192,"UQ L3135, Little Charwell Creek",1,1965,1968,3,1,237,844;846;845,904763;904773;904764
270,192,"UQ L3135, Little Charwell Creek",2,1984,1984,1,1,237,843,904762
271,192,"UQ L3135, Little Charwell Creek",3,1994,1994,1,1,237,851,909921
350,254,"UQ L3136, Wollombi Station",1,1994,1994,1,1,299,934,915359
351,255,"UQ L3543, Parrot Creek, Mulgrave Yards",1,1995,1995,1,1,300,935,915530
397,287,"UQ L3702, Gebbie Creek",1,1979,1979,1,1,332,1095,920501
398,288,"UQ L3706, Gebbie Creek pipeline",1,1980,1980,1,1,333,1096,920502
399,289,"UQ L3714, Bowen River, Exmoor Homestead",1,1980,1980,1,1,334,1097,920503
400,290,"UQ L3719, Exmoor Homestead",1,1979,1981,3,1,335,1099;1098;1100,920505;920504;920506
402,292,"UQ L3722, Exmoor Homestead",1,1981,1981,1,1,337,1102,920508
401,291,"UQ L3723, Exmoor Homestead",1,1977,1977,1,1,336,1101,920507
78,60,"UQ L3725, Exmoor Homestead",1,1977,1981,23,1,104,377;380;383;395;398;378;382;384;385;387;390;396;397;379;388;376;386;389;392;393;394;381;391,412910;412913;412916;412928;412931;412911;412915;412917;412918;412920;412923;412929;412930;412912;412921;412909;412919;412922;412925;412926
352,256,"UQ L3727, Exmoor Homestead",1,1994,1994,1,1,301,936,915531
386,279,"UQ L4633, Exmoor Homestead",1,1977,1981,11,1,324,1002;1004;1008;1007;1000;1001;1005;1006;1009;999;1003,920398;920401;920405;920404;920396;920397;920402;920403;920406;920395;920399
387,280,"UQ L4634, Exmoor Homestead",1,1977,1978,3,1,325,1011;1012;1010,920409;920410;920408
388,280,"UQ L4634, Exmoor Homestead",2,1981,1981,1,1,325,1013,920411
389,281,"UQ L4635, Exmoor Homestead",1,1977,1981,10,1,326,1014;1015;1016;1018;1020;1023;1022;1017;1019;1021,920412;920413;920414;920416;920418;920421;920420;920415;920417;920419
390,282,"UQ L4637, Bowen River, Exmoor Homestead",1,1981,1981,1,1,327,1024,920422
353,257,"UQ L4639, Bowen River, Exmoor Homestead",1,1977,1981,19,1,302,966;971;977;970;974;980;981;982;983;965;967;968;973;975;969;972;978;979;976,920204;920209;920215;920208;920212;920218;920219;920220;920221;920203;920205;920206;920211;920213;920207;920210;920216;920217;920214
354,257,"UQ L4639, Bowen River, Exmoor Homestead",2,1992,1992,1,1,302,937,915562
355,258,"UQ L4640, Bowen River, Exmoor Homestead",1,1977,1980,5,1,303,984;987;985;986;988,920222;920225;920223;920224;920226
356,258,"UQ L4640, Bowen River, Exmoor Homestead",2,1994,1994,1,1,303,938,915563
357,259,"UQ L4641, Bowen River, Exmoor Homestead",1,1977,1981,10,1,304,990;991;995;994;992;993;997;998;989;996,920228;920229;920233;920232;920230;920231;920235;920236;920227;920234
358,259,"UQ L4641, Bowen River, Exmoor Homestead",2,1995,1995,1,1,304,939,915564
391,283,"UQ L4642, Bowen River, Exmoor Homestead",1,1978,1981,9,1,328,1025;1026;1027;1029;1030;1028;1031;1032;1033,920423;920424;920425;920427;920428;920426;920429;920430;920431
359,260,"UQ L4643, Bowen River, Exmoor Homestead",1,1977,1981,16,1,305,941;1035;1039;1038;1041;1045;1036;1042;1046;1048;1034;1037;1040;1043;1044;1047,915756;920441;920445;920444;920447;920451;920442;920448;920452;920454;920440;920443;920446;920449;920450;920453
360,260,"UQ L4643, Bowen River, Exmoor Homestead",2,1996,1996,1,1,305,940,915755
392,284,"UQ L4644, Exmoor Homestead",1,1978,1981,4,1,329,1050;1053;1052;1051,920456;920459;920458;920457
393,284,"UQ L4644, Exmoor Homestead",2,1992,1992,1,1,329,1049,920455
361,261,"UQ L4645, Bowen River, Exmoor Homestead",1,1977,1981,12,1,306,1055;1057;1062;1063;943;1054;1058;1061;1064;1056;1060;1059,920461;920463;920468;920469;915758;920460;920464;920467;920470;920462;920466;920465
362,261,"UQ L4645, Bowen River, Exmoor Homestead",2,1994,1994,1,1,306,942,915757
363,262,"UQ L4646, Bowen River, Exmoor Homestead",1,1977,1979,4,1,307,944;1065;1067;1066,915759;920471;920473;920472
394,285,"UQ L4647, Bowen River, Exmoor Homestead",1,1978,1978,1,1,330,1068,920474
364,263,"UQ L4647, Gebbie Creek",1,1992,1992,1,1,308,945,915760
365,264,"UQ L4648, Bowen River, Exmoor Homestead",1,1977,1980,4,1,309,1070;947;1069;1071,920476;915762;920475;920477
366,264,"UQ L4648, Bowen River, Exmoor Homestead",2,1996,1996,1,1,309,946,915761
395,286,"UQ L4649, Bowen River, Exmoor Homestead",1,1977,1978,2,1,331,1073;1074,920479;920480
396,286,"UQ L4649, Bowen River, Exmoor Homestead",2,1993,1993,1,1,331,1072,920478
367,265,"UQ L4650, Bowen River, Exmoor Homestead",1,1977,1977,2,1,310,1075;1076,920481;920482
368,265,"UQ L4650, Bowen River, Exmoor Homestead",2,1996,1996,1,1,310,948,915763
369,266,"UQ L4651, Bowen River, Exmoor Homestead",1,1978,1981,6,1,311,1086;1082;1084;1081;1083;1085,920492;920488;920490;920487;920489;920491
370,266,"UQ L4651, Bowen River, Exmoor Homestead",2,1994,1996,2,1,311,949;950,915764;915765
371,267,"UQ L4652, Bowen River, Exmoor Homestead",1,1977,1980,4,1,312,1088;1090;1089;1091,920494;920496;920495;920497
372,267,"UQ L4652, Bowen River, Exmoor Homestead",2,1994,1996,2,1,312,1087;951,920493;915766
373,268,"UQ L4653, Bowen River, Exmoor Homestead",1,1979,1980,3,1,313,1093;1094;1092,920499;920500;920498
374,268,"UQ L4653, Bowen River, Exmoor Homestead",2,1995,1995,1,1,313,952,915767
375,269,"UQ L4654, Bowen River, Exmoor Homestead",1,1978,1981,5,1,314,1078;1077;954;1079;1080,920484;920483;915769;920485;920486
376,269,"UQ L4654, Bowen River, Exmoor Homestead",2,1996,1996,1,1,314,953,915768
377,270,"UQ L949, Parrot Creek, Havilah Homestead",1,1994,1994,1,1,315,955,919070
47,39,"UQL4840, Top Hut Lst Mbr, Quinton Fmn, Broken River Province, NE Queensland",1,1993,1997,9,1,84,216;209;212;211;213;215;217;210;214,407797;407790;407793;407792;407794;407796;407798;407791;407795
51,41,"UQL4841, Top Hut Lst Mbr, Quinton Fmn, Broken River Province, NE Queensland",1,1996,1997,6,1,85,220;221;219;222;223;224,407801;407802;407800;407803;407804;407805
52,42,"UQL4842, Top Hut Lst Mbr, Quinton Fmn, Broken River Province, NE Queensland",1,1993,1996,8,1,86,230;228;232;229;225;226;227;231,407811;407809;407813;407810;407806;407807;407808;407812
53,43,"UQL4844, Gray Creek Lst Mbr, Quinton Fmn, Broken River Province, NE Queensland",1,1993,1995,2,1,87,234;233,407815;407814
56,45,"UQL4847, Tomcat Creek Lst Mbr, Quinton Fmn, Broken River Province, NE Queensland",1,1993,1996,4,1,89,238;239;237;240,407819;407820;407818;407821
57,46,"UQL4848, Tomcat Creek Lst Mbr, Quinton Fmn, Broken River Province, NE Queensland",1,1994,1996,5,1,90,242;243;245;241;244,407823;407824;407826;407822;407825
58,47,"UQL4849, Tomcat Creek Lst Mbr, Quinton Fmn, Broken River Province, NE Queensland",1,1994,1994,2,1,91,246;248,407827;407829
59,47,"UQL4849, Tomcat Creek Lst Mbr, Quinton Fmn, Broken River Province, NE Queensland",2,1997,1997,1,1,91,247,407828
95,72,"UQL5209, Burges Fmn crinoids, Broken River Group, N Queensland",1,1984,1984,1,1,116,557,413744
97,74,"UQL5234, Dosey Lst crinoids, Broken River Group, N Queensland",1,1986,1986,1,1,118,559,413746
96,73,"UQL5372, Burges Fmn crinoids, Broken River Group, N Queensland",1,1982,1982,1,1,117,558,413745
261,186,Vellum Downs,1,2006,2006,1,1,231,836,900009
193,139,Warriana bore [Allaru Fm],1,2000,2000,1,1,184,744,779062
213,154,Wellshot [Tambo Series],1,1922,1924,2,1,199,764;769,780203;780215
9,7,"West of Pyramid homestead, Ukalunda Beds, Ukalunda District, North Queensland",1,1963,1966,6,1,52,75;71;76;72;73;74,111640;111636;111641;111637;111638;111639
40,35,"Whitewood Paddock, Clutha Station",1,1927,1927,1,1,80,192,372644
41,35,"Whitewood Paddock, Clutha Station",2,2007,2007,1,1,80,1751,1373082
42,35,"Whitewood Paddock, Clutha Station",3,2014,2014,1,1,80,1752,1373083
696,553,Wyandotte Creek (float specimens),1,1984,1986,5,1,599,1754;1756;1753;1755;1757,1410066;1410068;1410065;1410067;1410069
693,551,Wyandotte Creek (Unit A),1,1984,1988,19,1,597,1733;1735;1740;1747;1729;1736;1741;1744;1745;1746;1730;1732;1734;1737;1738;1739;1731;1742;1743,1351296;1351298;1351305;1351315;1351292;1351299;1351307;1351311;1351313;1351314;1351293;1351295;1351297;1351301;1351303;1351304;1351294;1351308;1351310
697,554,Wyandotte Creek (Unit B),1,1985,1988,9,1,600,1758;1766;1764;1760;1761;1763;1759;1762;1765,1410070;1410078;1410076;1410072;1410073;1410075;1410071;1410074;1410077
773,626,"Wyangaria Station, Hughenden area",1,1978,1978,1,1,673,2059,1684806
439,323,"Y1, CPA21, Bowen River Coalfield",1,1964,1964,1,1,368,1206,995462
440,324,"Y2, Pelican Creek, Bowen River Coalfield",1,1964,1964,1,1,369,1207,995463
498,375,Yambore Creek,1,2002,2002,1,1,420,1307,1112150
258,183,"Yambore Creek, near Maxwelton",1,2003,2003,1,1,228,833,881494
204,147,Yandamah Creek [Tambo Series],1,1924,1924,1,1,192,754,780182
774,627,~70m west of old road crossing of Digger's Creek,1,1993,1993,1,1,674,2064,1688907
